Topic,Count,Name,Representation,Representative_Docs
-1,8115,-1_que_en_de_el,"['que', 'en', 'de', 'el', 'la', 'mexico', 'se', 'los', 'un', 'es']","['presidenta de mexico claudia sheinbaum pardo si esta trabajando el secretario de agricultura con todos los gobernadores para que los programas que ya tenemos puedan tener su espacio su desarrollo en los distintos estados del pais y particularmente el norte de veracruz ', 'presidenta de mexico claudia sheinbaum pardo si ya ', 'asi que este programa yo digo que este programa es para todas y todos porque un dia todos vamos a ser adultos mayores y la decision de nuestra presidenta es que este programa sea para siempre no solo por un tiempo sino para siempre ']"
0,327,0_judicial_jueces_corte_poder,"['judicial', 'jueces', 'corte', 'poder', 'ministros', 'eleccion', 'tribunal', 'magistrados', 'juez', 'reforma']","['eso significa que continua el proceso electoral por parte del instituto nacional electoral para la eleccion de jueces juezas magistrados magistradas ministros y ministras del poder judicial de la federacion es una resolucion muy importante recuerden que en el caso de procedimientos electorales la suprema corte de justicia de la nacion no tiene interes juridico no tiene ninguna posibilidad de resolucion sino es el tribunal electoral entonces esto ya esta ', 'la reforma al poder judicial ', 'pregunta para el poder judicial ']"
1,309,1_pardo_sheinbaum_claudia_presidenta,"['pardo', 'sheinbaum', 'claudia', 'presidenta', 'mexico', 'no', 'si', 'pues', 'acuerdo', 'revisamos']","['presidenta de mexico claudia sheinbaum pardo no ', 'presidenta de mexico claudia sheinbaum pardo no ', 'presidenta de mexico claudia sheinbaum pardo no ']"
2,269,2_hospital_hospitales_quirofanos_camas,"['hospital', 'hospitales', 'quirofanos', 'camas', 'consultorios', 'salud', 'unidades', 'medicas', 'medicina', 'regional']","['y para el 2026 el apoyo para la construccion del hospital de la mujer y la ampliacion del hospital infantil ', 'hasta anoche teniamos 3 graves en el hospital ignacio zaragoza otra persona grave en el hospital de tlahuac y en la madrugada llego una persona mas al hospital 20 de noviembre que de hecho era trasladada de otro hospital porque el 20 de noviembre es un hospital de tercer nivel al igual que el hospital ignacio zaragoza donde existe toda la tecnologia medica para darles la atencion necesaria ', 'en este mes de abril vamos a inaugurar otro nuevo hospital el hospital regional de alta especialidad en torreon coahuila este hospital va a tener un costo de 3 mil millones de pesos esta en una superficie de 98 mil metros cuadrados va a atender a 350 mil derechohabientes y va a contar con 250 camas censables y 260 camas no censables ']"
3,267,3_mujeres_mujer_las_ser,"['mujeres', 'mujer', 'las', 'ser', 'igualdad', 'hombres', 'derechos', 'violencia', 'podemos', 'abogadas']","['y otra muy importante ahora las mujeres tambien llegamos a la constitucion se reconoce en el 4o constitucional la igualdad sustantiva de las mujeres se reconoce tambien que a trabajo igual salario igual para las mujeres nada de que los hombres ganen mas que las mujeres se reconoce en la constitucion el derecho de las mujeres a una vida libre sin violencia a una vida en paz para todas las mujeres ', 'las abogadas de las mujeres es parte de un programa integral que tiene que ver con esta reivindicacion de las mujeres y en particular de lo que queremos erradicar que es la violencia contra las mujeres que tiene que ver con un cambio cultural profundo que significa el reconocimiento de las mujeres como personas y en todas las igualdades que se requieren reconocer porque no solo es una la igualdad sustantiva de las mujeres y tiene que ver tambien con defender a las mujeres que viven violencias ', ' por que para las mujeres ']"
4,245,4_viviendas_vivienda_mil_meta,"['viviendas', 'vivienda', 'mil', 'meta', 'infonavit', 'millon', 'programa', 'conavi', 'construir', 'casas']","['pero ademas estamos construyendo vivienda la vivienda es para los que ganan menos que nunca tienen acceso a la vivienda los de 1 y 2 salarios minimos para eso es las viviendas que estamos construyendo ', 'aqui tambien vamos a construir en el sexenio ya iniciamos 60 mil viviendas para tabasco para familias que tengan ingresos menores a 2 salarios minimos con la comision nacional de vivienda 20 mil y con el infonavit 40 mil viviendas ', 'a ver esta en este momento bueno son un millon 100 mil viviendas del programa nacional de vivienda para el bienestar no quiere decir que sean las unicas viviendas que se van a construir son viviendas que tienen como meta atender a las personas que ganan menos de dos salarios minimos ']"
5,242,5_agua_riego_rio_potable,"['agua', 'riego', 'rio', 'potable', 'aguas', 'distritos', 'humano', 'concesiones', 'saneamiento', 'rios']","['y la idea es que podamos juntarlo en esta ocasion para acceso a agua potable que es uno de los temas que practicamente en todos los municipios del pais tienen problemas aunque haya suficiente abasto de agua a veces no son suficientes las redes municipales para llevar agua a las distintas localidades particularmente en las regiones de nuestro pais en donde hay escasez de agua pues todavia mas lo sufren mas los municipios que tienen mayor escasez ', 'republica con derecho al agua ', 'lo segundo es mucha agua que se utiliza para riego que es el 75 por ciento del agua estamos haciendo eficientes los distritos tecnificandolos para que de ahi obtengamos el agua para aquellos lugares que no tienen suficiente abasto de agua para poder cumplir lo principal que es el derecho humano al agua ']"
6,233,6_tratado_unidos_comercial_aranceles,"['tratado', 'unidos', 'comercial', 'aranceles', 'estados', 'comercio', 'canada', 'paises', 'china', 'acero']","['tenemos un acuerdo comercial el t mec el tratado que nosotros llamamos mexico estados unidos canada estados unidos le llama estados unidos canada mexico y canada pone canada en primer como primer pais pero lo importante es que tenemos un acuerdo comercial ', 'practicamente todo el comercio que tenemos con estados unidos esta dentro del tratado de mexico estados unidos canada hay una parte que tiene que ver con reglas de origen pero todo esta practicamente dentro del tratado comercial ', 'lo que establece el tratado comercial con estados unidos y canada es que hay cero aranceles o distintos aranceles muy bajos no en todo es cero aranceles con la condicion de que el 75 por ciento en algunos casos un porcentaje alto sea fabricado en canada en estados unidos o en mexico eso es en general el tratado ']"
7,233,7_ver_cerramos_bueno_aca,"['ver', 'cerramos', 'bueno', 'aca', 'luego', 'companera', 'vamos', 'voy', 'atras', 'aqui']","[' bueno vamos a ver por aca a ver aqui la companera ', ' bueno quien mas quien mas quien mas a ver a ver a ver a ver la companera que y luego atras ', ' bueno vamos quien mas quien mas quien mas a ver aqui y luego aca atras y luego alma alla atras y luego aca a ver si nos da tiempo ']"
8,189,8_trump_presidente_pregunta_presidenta,"['trump', 'presidente', 'pregunta', 'presidenta', 'usted', 'donald', 'obrador', 'ultimo', 'lopez', 'le']","[' como considera que debe ser la relacion entre la presidenta y el proximo presidente donald trump ', 'pregunta una reunion con el presidente trump se esta buscando una reunion con el presidente trump ', 'presidenta tambien sobre otro tema nosotros estuvimos en washington el companero y un servidor estuvimos cubriendo la toma de protesta de donald trump y bueno del presidente donald trump y muchos colectivos se nos acercaron y si usted me lo permite le mandan una carta porque dice asi ']"
9,181,9_guerrero_sonora_meza_cuitlahuac,"['guerrero', 'sonora', 'meza', 'cuitlahuac', 'boxeo', 'vocal', 'quih', 'jabnely', 'zacatecas', 'intocable']","['la vocal ejecutiva del fovissste jabnely maldonado meza ', 'maestra jabnely maldonado meza vocal ejecutiva del fovissste ', 'vocal ejecutiva del fovissste jabnely maldonado meza buenos dias a todas y todos ']"
10,141,10_educacion_superior_escuelas_maestros,"['educacion', 'superior', 'escuelas', 'maestros', 'bachillerato', 'escuela', 'media', 'jovenes', 'estudiantes', 'maestras']","['entonces el dia de hoy lo que vamos a presentar es el numero de preparatorias que se van a construir el numero de escuelas de educacion media superior ', 'despues esta mario delgado con nosotros y a distancia esta tania rodriguez la subsecretaria de educacion media superior vamos a presentar el programa de bachillerato general este programa integral para la educacion media superior que es a partir de este nuevo ciclo escolar se incorpora ya a este nuevo sistema o nueva integracion muy importante de la preparatoria bachilleratos bachilleratos tecnicos de nuestro pais ', 'entonces salen digamos con el certificado nacional de bachillerato y ademas una valoracion por parte de una universidad de una escuela de educacion superior eso garantiza que todas las escuelas son buenas escuelas cada una con su caracteristica de modelo educativo ']"
11,132,11_energia_electricidad_energetica_electrica,"['energia', 'electricidad', 'energetica', 'electrica', 'electrico', 'cfe', 'generacion', 'renovables', 'comision', 'baterias']","['pero de todas maneras va a haber crecimiento en la generacion electrica eso significa que cfe la empresa publica pues debe todavia generar mas electricidad y una parte de ella con fuentes renovables de energia porque queremos que contamine menos e impacte menos en el cambio climatico global ', 'que cfe va a poder despachar de manera primeramente la energia que requieren todos los hogares cfe es la empresa que genera y distribuye la energia electrica a todos los hogares cfe es la unica empresa no existe ninguna empresa privada cfe es la unica empresa que lleva la energia electrica a los hogares de todo el pais por lo tanto con la reforma va a tener preponderancia para poder llevar esa energia electrica a todos los hogares de todo el pais ', 'uno cumplir con el compromiso de que para el 2030 el 35 por ciento de la generacion electrica sea con fuentes renovables de energia esa es una meta que tiene luz elena gonzalez con todo el equipo de la comision federal de electricidad y la parte privada ']"
12,127,12_gas_gasolina_combustible_precio,"['gas', 'gasolina', 'combustible', 'precio', 'natural', 'gasolineras', 'litro', 'precios', 'diesel', 'petroleo']","['el gas natural que es un combustible y que viene por ductos hasta nuestras casas hay un porcentaje de casas en algunos lugares de la republica que tienen gas natural ', 'estan planteando esta en 2 pesos por litro de gas estan planteando ellos un aumento de 4 25 pesos para que sea sustentable esta industria que esta legalmente establecida y que se esta viendo con dificultades porque estan aumentando los gastos los costos de mantenimiento tanto de las instalaciones como de los vehiculos que utilizan para llevar el gas a las casas porque el gas es uno de los combustibles que a diferencia de la gasolina que puede ir alguien a la gasolinera a tomar su combustible o la luz que llega directamente a la casa el gas hay que llevarlo a los domicilios ', 'con respecto al quien es quien en los precios de gas lp podemos observar que el precio de este combustible se encuentra por debajo de los precios internacionales en las 220 regiones determinadas por la comision reguladora de energia tanto por kilo como por litro de esta manera para el ultimo dia del monitoreo de gas realizado el 16 de octubre el precio promedio del gas lp en el caso de gas estacionario fue de 10 pesos con 41 centavos y para el gas por cilindro 19 pesos con 28 centavos ']"
13,126,13_fentanilo_drogas_droga_consumo,"['fentanilo', 'drogas', 'droga', 'consumo', 'unidos', 'estados', 'trafico', 'adicciones', 'drogadiccion', 'evitar']","['por razones humanitarias mexico seguira colaborando para evitar que llegue fentanilo a los jovenes estadounidenses y para apoyar a sus familias ademas como lo he dicho no solo no queremos que esa droga llegue a los jovenes de estados unidos sino que no llegue a ningun lugar del mundo ni a los jovenes mexicanos ', 'pienso que es algo muy importante nosotros siempre hemos hablado de que el trafico de drogas hacia estados unidos tiene que ver con el consumo en estados unidos que no solamente es un tema de mexico sino que el tema no habria distribucion de drogas hacia estados unidos sino hubiera consumo en estados unidos ', 'nosotros hemos planteado como ustedes saben no solamente el tema de que no solo es un asunto que el fentanilo no llegue a estados unidos a traves de la frontera con mexico sino nosotros no queremos que el fentanilo llegue a ningun joven o a ninguna persona porque es una droga que como todos sabemos tiene muchisima adiccion y tiene impactos muy graves estados unidos tiene un problema muy relevante relacionado con las adicciones al fentanilo ']"
14,123,14_migrantes_migracion_unidos_repatriacion,"['migrantes', 'migracion', 'unidos', 'repatriacion', 'estados', 'deportacion', 'repatriados', 'frontera', 'migrante', 'migratorio']","['desde el primer momento nosotros dijimos no estamos de acuerdo con las redadas como forma de atender a los migrantes en estados unidos y tienen todo el apoyo de los consulados ', 'y alla nuestros consulados estan apoyando a todos nuestros hermanos migrantes ', 'interlocutora una ultima relacionada con el tema que estaban preguntando ayer el tema de los migrantes de las personas migrantes porque habia quedado pendiente la revision del personal del instituto nacional de migracion y de las estaciones migratorias que pues en algunos casos se habia entregado la seguridad a empresas privadas no se si tiene ya algun corte o alguna idea de que se va a hacer con eso ']"
15,119,15_medicamentos_farmacias_medicamento_compra,"['medicamentos', 'farmacias', 'medicamento', 'compra', 'recoger', 'birmex', 'gratuitos', 'salud', 'bienestar', 'abasto']","[' y donde van a conseguir sus medicamentos junto a los bancos de bienestar a mediados del proximo ano vamos a construir las farmacias del bienestar para que ahi puedan recoger sus medicamentos gratuitos para las y los adultos mayores ', 'y los medicamentos esta semana inicia la distribucion de medicamentos ', 'y este medicamento donde se van a surtir para recibir los medicamentos en unas farmacias que vamos a empezar a hacer a partir de este ano que se llaman farmacias del bienestar para que puedan ir a recoger sus medicamentos gratuitos que va a haber por todo el pais las farmacias del bienestar ese es el tercer programa ']"
16,116,16_mexicanos_pueblo_humanismo_mexicanas,"['mexicanos', 'pueblo', 'humanismo', 'mexicanas', 'siempre', 'generosidad', 'somos', 'abiertos', 'brazos', 'historia']","['y es algo que todas y todos debemos celebrar porque las mexicanas y los mexicanos tenemos una caracteristica y es que no dejamos a nadie atras siempre le damos la mano al que se quedo atras es una caracteristica de las familias mexicanas de la historia viene de los pueblos originarios la fraternidad la solidaridad la comunidad que caracteriza a las mexicanas y a los mexicanos ', 'y que si quieren regresar a nuestro pais aqui los recibimos con los brazos abiertos asi somos las mexicanas y los mexicanos ', 'asi que les decimos desde aqui que siempre los vamos a apoyar y que si quieren regresar a mexico aqui son bien recibidos con los brazos abiertos porque son grandes mexicanos y mexicanas heroes y heroinas de nuestra patria ']"
17,115,17_mujeres_mujer_mexicanas_presidencia,"['mujeres', 'mujer', 'mexicanas', 'presidencia', 'primera', 'derechos', 'historia', 'las', 'tiempo', 'hombres']","['bueno por eso es para las mujeres para reconocer el trabajo de las mujeres mexicanas ', 'presidenta de mexico claudia sheinbaum pardo las mujeres ', 'presidenta de mexico claudia sheinbaum pardo pues como hay mujer presidenta con a vamos a reconocer el trabajo de las mujeres mexicanas ']"
18,115,18_buenos_dias_pregunta_gracias,"['buenos', 'dias', 'pregunta', 'gracias', 'noticias', 'presidenta', 'yusbel', 'radio', 'arciniega', 'yareth']","['pregunta gracias presidenta buenos dias ', 'pregunta gracias presidenta buenos dias ', 'pregunta gracias presidenta buenos dias ']"
19,112,19_vamos_hacer_estamos_avanzando,"['vamos', 'hacer', 'estamos', 'avanzando', 'ir', 'entonces', 'estrategia', 'haciendo', 'trabajando', 'ahora']","[' que vamos a hacer con eso ', 'entonces que vamos a hacer ahora ', 'entonces eso lo vamos a hacer ']"
20,104,20_transformacion_cuarta_piso_principios,"['transformacion', 'cuarta', 'piso', 'principios', 'segundo', 'continuidad', 'movimiento', 'transformaciones', 'causas', 'significa']","['esos son parte de los principios de la cuarta transformacion ', 'y que viva el segundo piso de la cuarta transformacion ', ' y que significa el segundo piso de la cuarta transformacion ']"
21,104,21_casa_adultos_mayores_salud,"['casa', 'adultos', 'mayores', 'salud', 'enfermeras', 'discapacidad', 'enfermeros', 'programa', 'visitar', 'personas']","['y el tercero se llama salud casa por casa que significa ayer estuvimos en la tarde con enfermeras enfermeros de este programa medicas medicos son trabajadoras trabajadores de la salud que van casa por casa a visitar a todos los adultos mayores y las personas con discapacidad llevan un maletin para que haya revision en su casa se hace un historial medico y se atiende directamente en el domicilio a todas y todos los adultos mayores ', 'y tambien iniciamos un censo de salud y bienestar estamos visitando a los adultos mayores con el programa salud casa por casa y a partir del proximo mes 22 mil 500 medicos medicas enfermeras y enfermeros van a visitar a los adultos mayores y a las personas con discapacidad de manera permanente ', 'bueno el programa salud casa por casa ya es una realidad son 20 mil trabajadoras y trabajadores de la salud enfermeras enfermeros medicas medicos que estan visitando en su casa a todos los adultos mayores y personas con discapacidad ']"
22,101,22_delito_delincuencia_organizada_delitos,"['delito', 'delincuencia', 'organizada', 'delitos', 'investigacion', 'detencion', 'crimen', 'grupos', 'informacion', 'policias']","['no queremos que haya violencia vinculada con la delincuencia organizada y para ello se hacen las carpetas de investigacion las detenciones y se trabaja todos los dias en ello ', 'y tercero porque es mucho mas complejo el crimen organizado la delincuencia organizada y tiene que haber un trabajo permanente de coordinacion y colaboracion ', 'nosotros el delito de terrorismo tiene un catalogo muy distinto en mexico del que ellos le pusieron a la delincuencia organizada eso no quiere decir que nosotros hagamos nuestro trabajo la fiscalia tambien y en su momento los jueces para detener a responsables de delitos ese trabajo lo hacemos todos los dias incluida tambien la atencion a las causas pero cada quien tiene su legislacion ']"
23,99,23_salud_imss_bienestar_sistema,"['salud', 'imss', 'bienestar', 'sistema', 'issste', 'medica', 'sistemas', 'servicios', 'gratuita', 'clinica']","['y con el apoyo de instituciones del gabinete de salud como el imss bienestar y el imss y el issste asi como los gabinetes de salud de los estados se llevaron a la poblacion servicios y acciones de fomento al cuidado de la salud y prevencion de enfermedades ', 'por supuesto el imss bienestar y todo lo que estamos haciendo por la salud ', 'y nosotros estamos trabajando pues con los tres sistemas de salud y apoyando a los estados tambien el imss el issste y el imss bienestar ']"
24,98,24_gracias_muchas_muchisimas_pregunta,"['gracias', 'muchas', 'muchisimas', 'pregunta', 'agradecerle', 'felicidades', 'buen', 'buenos', 'agradezco', 'dias']","['pregunta muchas gracias buenos dias ', 'pregunta muchas gracias buenos dias ', 'pregunta muchas gracias buenos dias ']"
25,94,25_creditos_deuda_credito_infonavit,"['creditos', 'deuda', 'credito', 'infonavit', 'congelamiento', 'intereses', 'impagables', 'deudas', 'pagar', 'saldo']","['tambien estamos apoyando a todas las familias que tenian creditos impagables del infonavit fijense que se construyeron creditos del infonavit que supongamos que pidieron su credito en el 2006 y lo siguen pagando y ya pagaron dos veces tres veces la vivienda y no disminuye sustancialmente el credito por una forma muy injusta en la que construyeron los creditos ', 'ademas le estamos quitando parte de los creditos impagables a muchas familias fijense el infonavit hasta 2018 a quien tiene el infonavit se les dieron creditos han pagado su casa una dos tres cuatro veces y no han acabado de pagarla porque sigue el credito un credito impagable injusto que se hizo con mucha corrupcion ahora estamos disminuyendo todos esos creditos y a algunos ya les estamos entregando sus escrituras son 144 mil 881 familias que se van a ver beneficiadas ', 'para aquellos que en algun momento pidieron un credito del infonavit y tienen deudas que no pueden pagar porque en el pasado se hicieron creditos que nada mas eran para sacarle dinero a la gente que no eran realmente para darles un apoyo pues a la gran mayoria de los que tienen creditos del infonavit se les estan disminuyendo todos los creditos se les estan condonando deudas se les estan bajando los intereses haciendo quitas ']"
26,92,26_millones_pesos_mil_inversion,"['millones', 'pesos', 'mil', 'inversion', 'recaudacion', 'incremento', 'presupuesto', '10', 'cerca', 'ano']","[' como se incrementa el presupuesto de la unam llegara a 53 mil 700 millones de pesos al politecnico 22 mil 400 a la uam mas de 10 mil millones de pesos ', 'en total fueron poco mas de mil 200 millones de pesos los que se hicieron para hacer esta inversion ', 'yo dije que eran 150 mil millones son 180 mil millones de pesos adicionales que se han recaudado de enero a julio en aduanas 180 mil millones de pesos ']"
27,92,27_tren_maya_interoceanico_carga,"['tren', 'maya', 'interoceanico', 'carga', 'pasajeros', 'trenes', 'aguila', 'laredo', 'pachuca', 'aifa']","['esta el tren insurgente el tren maya el interoceanico ', '76 despues de las privatizaciones de los ferrocarriles que se llevaron a cabo en el pasado se recuperaron los trenes de pasajeros el tren maya el interoceanico ya funciona el tren maya ahora vamos a llevar el tren maya a progreso al puerto de progreso en yucatan y lo vamos a hacer el tren maya de carga ', '76 despues de las privatizaciones de los ferrocarriles que se llevaron a cabo en el pasado se recuperaron los trenes de pasajeros el tren maya el interoceanico ya funciona el tren maya ahora vamos a llevar el tren maya a progreso al puerto de progreso en yucatan y lo vamos a hacer el tren maya de carga ']"
28,92,28_gobernador_saludo_gobernadora_gracias,"['gobernador', 'saludo', 'gobernadora', 'gracias', 'procedemos', 'bienvenida', 'cargo', 'muchas', 'tardes', 'mensaje']","['procedemos con el mensaje de bienvenida a cargo del gobernador constitucional del estado de tabasco javier may rodriguez ', 'procedemos con el mensaje de bienvenida a cargo de la gobernadora constitucional del estado de baja california maestra marina del pilar avila olmeda ', 'procedemos con el mensaje de bienvenida a cargo de la gobernadora constitucional del estado de colima la maestra indira vizcaino silva ']"
29,91,29_pregunta_no_nada_inaudible,"['pregunta', 'no', 'nada', 'inaudible', 'firmar', 'notario', 'desaparezca', 'preocupacion', 'usted', 'dije']","['entonces no tiene nada que ver una cosa con la otra nada absolutamente nada ', 'y el interrogatorio es muy lo pueden encontrar facilmente en internet ella dice no voy a decir nada ni de este ni de aquel asi me lleven al ultimo suplicio y lo cumple o sea asi me maten no voy a delatar a ninguno de los guadalupes ', 'pregunta nada mas que decir ']"
30,90,30_homicidios_promedio_ciento_disminucion,"['homicidios', 'promedio', 'ciento', 'disminucion', '2024', 'septiembre', 'dolosos', 'victimas', 'diarios', 'diario']","['mira 86 9 homicidios promedio diario en septiembre del 2024 en mayo del 2025 64 5 22 homicidios diarios menos y un trabajo cotidiano permanente no solo para los homicidios sino para todos los delitos de alto impacto en coordinacion con los estados y va a seguir dando resultados la estrategia ', 'la siguiente grafica muestra la evolucion pero mensual del promedio diario de victimas de homicidio doloso entre enero de 2024 y el 24 de marzo de 2025 con los datos preliminares de marzo se observa una tendencia sostenida a la baja durante los primeros 6 meses de la administracion de la presidenta la doctora claudia sheinbaum como se ve en la grafica en septiembre de 2024 el promedio diario de homicidios era de 86 9 y en lo que va de marzo este promedio es de 67 4 victimas diarias lo que significaria una reduccion del 22 4 por ciento de forma preliminar ', 'como ya lo explico marcela hemos observado una disminucion sostenida en los homicidios dolosos que en septiembre representa una reduccion de 32 por ciento en el promedio diario de este delito esto significa 27 homicidios menos que en septiembre del 2024 ademas es el septiembre mas bajo en homicidios en 10 anos ']"
31,86,31_soberania_nuestra_siempre_pueblo,"['soberania', 'nuestra', 'siempre', 'pueblo', 'patria', 'reivindica', 'derecha', 'reside', 'respeto', 'nuestro']","[' la soberania del pueblo la soberania de nuestro pais no se toca ', 'ellos pueden actuar en su territorio en su marco de actuacion y de su constitucion nosotros lo que decimos es la defensa de nuestra soberania y nuestra independencia por eso siempre dijimos nos coordinamos pero somos un pais libre independiente y soberano y lo que vamos a buscar es la coordinacion ', 'esto solo lo podemos hacer porque nos guia el amor a nuestra historia a nuestro pueblo y a nuestra patria y sabemos que en el trabajo diario por el bienestar de la gente humilde y por la soberania de nuestra hermosa patria y la justicia es posible el desarrollo de nuestra nacion ']"
32,84,32_pension_pensiones_jubilacion_adulto,"['pension', 'pensiones', 'jubilacion', 'adulto', 'mayores', 'adultos', 'fondo', 'universal', 'reciben', '65']","['la pension personas con discapacidad ', 'continua la pension universal a adulto mayor esa va a seguir pero ademas ya no solo es un programa de bienestar sino que es un derecho porque esta ya en la constitucion de la republica y ningun presidente puede quitarles a los adultos mayores su pension universal por siempre y para siempre ', 'el que todos conocemos es la pension universal para adulto mayor que lo reciben hoy mas de 500 mil personas en todo el pais solo por tener 65 anos en mexico solo por eso se tiene derecho a la pension universal para adulto mayor ']"
33,81,33_64_pension_mujeres_60,"['64', 'pension', 'mujeres', '60', '63', 'edad', '62', '61', 'bienestar', 'apoyo']","['uno el apoyo a todas las mujeres de 60 a 64 anos de edad ya todas las mujeres de 63 y 64 tienen un apoyo pension mujeres bienestar y al llegar digo y en agosto perdon vamos a iniciar la inscripcion de mujeres de 60 61 y 62 anos para cumplir con ese derecho durante el 2025 ', 'el primero para las mujeres de 60 a 64 anos de edad ya lo reciben las de 63 y 64 ya se inscribieron las de 60 61 y 62 el proximo mes se inicia la distribucion de tarjetas del banco de bienestar y en noviembre todas las mujeres de 60 a 64 anos van a estar recibiendo pension mujeres bienestar por el solo hecho de ser mujeres ', 'el primero es el apoyo a todas las mujeres de 60 a 64 anos de edad en ese caso es solo para las mujeres ya mas de un millon de mujeres de 63 y 64 anos tienen pension mujeres bienestar y a partir de agosto inicia la inscripcion para las mujeres de 60 61 y 62 anos ']"
34,77,34_fiscalia_denuncia_investigacion_alguna,"['fiscalia', 'denuncia', 'investigacion', 'alguna', 'fiscal', 'carpeta', 'auditorias', 'si', 'no', 'informacion']","['como bien menciona el secretario de seguridad y proteccion ciudadana la investigacion formal inicia en noviembre del 2024 y es hasta febrero de 2025 que la carpeta de investigacion esta completa por parte de la fiscalia general de justicia del estado de tabasco y se pide la orden de aprehension y un juez la otorga y a partir de ahi inicia la busqueda de esta persona ', 'las personas no tienen una carpeta de investigacion como tal sino que hay una sancion derivada del departamento del tesoro entonces si hay necesidad se encuentra alguna cosa pues entonces se hara la parte correspondiente pero no hay una carpeta de investigacion de la fiscalia general de la republica ', 'segundo aqui no se cubre a nadie si la fiscalia tiene contra alguien que sea militante de morena o no alguna evidencia adelante que continue la investigacion entonces no vamos a cubrir a nadie nosotros ni la fiscalia aunque la fiscalia obviamente es autonoma lo tiene que seguir la investigacion ']"
35,77,35_centavos_pesos_palomita_tache,"['centavos', 'pesos', 'palomita', 'tache', 'cara', 'barata', 'kilo', 'precios', 'chedraui', '910']","['tres ciudades tijuana tampico tuxtla gutierrez la mas barata en tijuana baja california soriana super libertad 812 pesos con 90 centavos palomita y la mas cara walmart tijuana hipodromo 884 con 80 tambien palomita porque esta por debajo de los 910 pesos tampico tamaulipas bodega aurrera tampico 758 pesos con 40 centavos palomita y chedraui andonegui 933 pesos con 20 centavos tache ', 'en durango la mas barata soriana hiper 20 de noviembre 839 pesos con 80 centavos palomita y la mas cara chedraui en esta ciudad que tambien le vamos a poner una palomita porque esta por debajo de los 910 pesos ', 'y la canasta mas barata que encontramos fue en la bodega aurrera centro constituyentes en 843 pesos con 50 centavos palomita y la mas cara chedraui centro sur tambien la encontramos en 874 pesos con 40 centavos y aqui no le vamos a poner tache porque efectivamente esta por debajo de los 910 pesos entonces en reconocimiento vamos a darle una palomita aunque sea la mas cara esta por debajo de lo acordado ']"
36,77,36_gracias_muchas_presidenta_pregunta,"['gracias', 'muchas', 'presidenta', 'pregunta', 'ok', 'muchisimas', 'senora', 'bienvenida', 'agradecerle', 'aplauso']","['pregunta si muchas gracias presidenta ', 'pregunta si muchas gracias presidenta ', 'pregunta muchas gracias presidenta ']"
37,76,37_seguridad_inteligencia_investigacion_estrategia,"['seguridad', 'inteligencia', 'investigacion', 'estrategia', 'ejes', 'coordinacion', 'nacional', 'ciudadana', 'guardia', 'fortalecimiento']","['hoy informaremos los avances a 8 meses de la implementacion de la estrategia nacional de seguridad encabezada por la presidenta claudia sheinbaum la cual esta basada en cuatro ejes atencion a las causas consolidacion de la guardia nacional fortalecimiento de inteligencia e investigacion asi como la coordinacion con las entidades federativas y entre las instituciones que integran el gabinete de seguridad ', 'en los cuatro ejes que hemos mencionado atencion a las causas inteligencia e investigacion fortalecimiento de la guardia nacional y coordinacion y en la coordinacion hay coordinacion a nivel del gabinete de seguridad federal con la fiscalia y tambien coordinacion con las entidades federativas ', 'ademas de la estrategia general de seguridad que consiste en los cuatro ejes que hemos mencionado de atencion a las causas consolidacion y fortalecimiento de la guardia nacional inteligencia e investigacion y la coordinacion esta es una estrategia general para toda la republica ']"
38,71,38_trevilla_trejo_defensa_ricardo,"['trevilla', 'trejo', 'defensa', 'ricardo', 'guardia', 'nacional', 'secretario', 'general', 'comandante', 'mando']","['general ricardo trevilla trejo secretario de la defensa nacional y alto mando del ejercito fuerza aerea y guardia nacional ', 'el general ricardo trevilla trejo secretario de la defensa nacional y alto mando del ejercito fuerza aerea y guardia nacional ', 'el general ricardo trevilla trejo secretario de la defensa nacional y alto mando del ejercito fuerza aerea y guardia nacional ']"
39,68,39_gobernador_municipal_constitucional_gobernadora,"['gobernador', 'municipal', 'constitucional', 'gobernadora', 'americo', 'villarreal', 'estado', 'ramirez', 'presidente', 'san']","['el gobernador constitucional del estado de tamaulipas americo villarreal anaya ', 'el gobernador constitucional del estado de tamaulipas americo villarreal anaya ', 'doctor americo villarreal anaya gobernador constitucional del estado de tamaulipas ']"
40,67,40_hijos_ninas_ninos_hijas,"['hijos', 'ninas', 'ninos', 'hijas', 'cuidamos', 'padres', 'somos', 'quienes', 'familia', 'principalmente']","['por ejemplo quienes somos las que principalmente cuidamos de las hijas y de los hijos ', 'a ver quienes somos las que principalmente cuidamos de los hijos y las hijas ', 'por ejemplo quien cuida principalmente de las ninas y los ninos de las hijas y de los hijos ']"
41,66,41_doctora_preside_constitucional_mexicanos,"['doctora', 'preside', 'constitucional', 'mexicanos', 'moderador', 'comandanta', 'unidos', 'evento', 'armadas', 'estados']","['moderadora preside este evento programas para el bienestar la presidenta constitucional de los estados unidos mexicanos doctora claudia sheinbaum pardo ', 'moderador preside este evento programas para el bienestar la presidenta constitucional de los estados unidos mexicanos doctora claudia sheinbaum pardo ', 'moderador preside este evento programas para el bienestar la presidenta constitucional de los estados unidos mexicanos doctora claudia sheinbaum pardo ']"
42,66,42_trenes_tren_metro_pasajeros,"['trenes', 'tren', 'metro', 'pasajeros', 'carga', 'vias', 'demanda', 'ferroviaria', 'regionales', 'celaya']","['esa demanda sustantiva se requiere atender con alrededor de 47 trenes que pueden tener dos tipos de configuraciones unos trenes mas cortos de 300 pasajeros y unos trenes mas largos de 600 pasajeros esto dependera justamente de si son servicios regionales o son servicios interurbanos ', 'las caracteristicas de los trenes estamos hablando de trenes interurbanos y regionales que en sus caracteristicas de servicio tienen vias dedicadas es decir no se comparte la via con los trenes de carga aunque se usara para la construccion de nuevas vias parte del derecho de via adyacente a las vias de carga ', 'son trenes de poquito mas de 100 metros y que justamente como es un recorrido de alta demanda estamos considerando que puede ir creciendo la capacidad de los trenes porque se pueden acoplar nuestros andenes en buenavista nos permiten acoplar 2 trenes de 100 metros son andenes de 200 metros y de hecho en el resto de las estaciones asi se estan disenando para poder tener en vez de un tren cada 6 minutos de 100 metros de repente decir oye siguio creciendo la demanda entonces vas ampliando con un tren doble cada 6 minutos que va saliendo en hora pico ']"
43,65,43_oaxaca_gobernador_jara_salomon,"['oaxaca', 'gobernador', 'jara', 'salomon', 'nahle', 'mier', 'cruz', 'puebla', 'rocio', 'veracruz']","['ingeniero salomon jara cruz gobernador constitucional del estado de oaxaca ', 'gobernador de oaxaca salomon jara cruz viva mexico ', 'gobernador de oaxaca salomon jara cruz muchas gracias gracias ']"
44,65,44_pemex_proveedores_empresa_empresas,"['pemex', 'proveedores', 'empresa', 'empresas', 'cfe', 'privatizar', 'filiales', 'privatizacion', 'produccion', 'petroquimica']","['presidenta de mexico claudia sheinbaum pardo a ver primero hay una nueva estrategia de financiamiento para pemex pemex tiene este ano en presupuesto de egresos 200 ', 'las gasolineras de pemex son en realidad franquicias de pemex las operan privados desde hace muchisimo tiempo pemex tambien le vende a marcas de gasolineras que no son de pemex y aparte esta la gasolina de importacion ', 'entonces el programa integral de largo plazo de pemex lo vamos a presentar muy pronto pero se esta trabajando bien en pemex ']"
45,65,45_programas_bienestar_nuevos_tres,"['programas', 'bienestar', 'nuevos', 'tres', 'garantizados', 'beneficiarios', 'programa', 'conocen', 'mantener', 'sucursales']","['esos son los tres nuevos programas de bienestar ', 'bueno y ademas hay otros tres nuevos programas de bienestar ', 'y ahora hay tres nuevos programas con nuestro gobierno tres programas de bienestar ']"
46,64,46_musica_cancion_apologia_corridos,"['musica', 'cancion', 'apologia', 'corridos', 'jovenes', 'concurso', 'migrante', 'canto', 'mexicana', 'ritmos']","['de acuerdo a datos de una de las principales plataformas de streaming podemos ver como en esta grafica a partir del 2025 que se llega al punto mas alto de reproducciones de musica vinculada a letras donde hacen apologia de la violencia con algunos generos como corridos tumbados musica nortena o de banda porque no son solo los corridos tumbados inicia un decrecimiento sostenido a partir de enero de este ano ', 'queremos principalmente fortalecer las tradiciones los generos de este pais en sinergia por supuesto y mezcla con otros ritmos como lo han hecho los jovenes como fueron los corridos tumbados que son corridos con tradicion mexicana pero que cruzaron ritmos como hip hop trap que fue lo que hizo que tuviera tanta atraccion entre los jovenes pero que el objetivo de esta concurso es fortalecer la musica pero sin hacer apologia a la violencia al delito y hablar de muchas otras cosas de las cuales han hablado nuestros compositores y compositoras a lo largo de la historia ', 'hoy presentamos los resultados de esta convocatoria que de verdad ha sido impresionante el concurso mexico canta que anunciamos ya hace mes y medio para quienes nos sepan es un concurso para cancion para compositores para interpretes binacional para jovenes entre 18 y 34 anos mexicanos y mexicanoestadounidenses como una iniciativa para generar nuevas narrativas nuevas letras en torno si a musica como los corridos que pueden ser tumbados pero que no necesariamente tengan que basarse bueno no es para justamente hacer apologia de la violencia pero que puedan rescatar los ritmos tradicionales mexicanos que han sido ya numeros y primeros lugares en el mundo y por lo cual somos el numero 10 en el mundo como industria ']"
47,63,47_municipios_afectados_hectareas_superficie,"['municipios', 'afectados', 'hectareas', 'superficie', 'plantas', 'municipio', 'prioritarios', 'terrenos', 'propiedad', 'localidades']","['entonces ellos determinan cuales fueron los municipios afectados y afectados segun que no porque hay afectacion por ejemplo a obras civiles una carretera que se cerro y que tiene que atenderse en otros casos hay otros municipios que tienen problemas con las viviendas de la gente en otros tienen que ver con afectaciones a las parcelas de produccion en este caso por ejemplo hay mucha afectacion a las parcelas de produccion de papaya en oaxaca principalmente ', 'por estado traemos que los municipios afectados son ', 'la coordinacion nacional de proteccion civil a partir de ahi define que municipios fueron afectados y con que nivel hay municipios municipios y localidades se define el municipio y las localidades afectadas y se ve si tuvo una afectacion en morado rojo amarillo o verde que son menores afectaciones ']"
48,63,48_estados_unidos_municipales_gobierno,"['estados', 'unidos', 'municipales', 'gobierno', 'tramites', 'federal', 'estatales', 'coordinacion', 'dialogo', 'federales']","['entonces ese es en este momento es nuestra pero tenemos comunicacion con el gobierno de estados unidos en muchos temas ', 'disminuir el numero de tramites los tiempos de los tramites y concentrar tramites de tal manera que incluso los tramites municipales estatales y federales puedan ser tratados a partir de ventanillas unicas entonces esto va a ser muy importante ', 'y sobre todo muy importante que hay dialogo con el gobierno de los estados unidos de manera permanente ']"
49,62,49_viva_mexico_pardo_sheinbaum,"['viva', 'mexico', 'pardo', 'sheinbaum', 'claudia', 'presidenta', 'vivan', 'existen', 'belmont', 'cecis']","['presidenta de mexico claudia sheinbaum pardo que viva mexico ', 'presidenta de mexico claudia sheinbaum pardo que viva mexico ', 'presidenta de mexico claudia sheinbaum pardo que viva mexico ']"
50,62,50_transformacion_cuarta_revolucion_tercera,"['transformacion', 'cuarta', 'revolucion', 'tercera', 'llamamos', 'vida', '2018', 'publica', 'mexicana', 'transformaciones']","['nosotros somos parte de lo que llamamos la cuarta transformacion que como todos sabemos es una transformacion pacifica es una revolucion pero es una revolucion en la conciencia del pueblo de mexico ', 'el dia de hoy inicia el segundo piso de la cuarta transformacion de la vida publica de mexico sabemos que hay la primera transformacion la independencia la segunda la reforma la tercera la revolucion mexicana y la cuarta iniciada por el mejor presidente de mexico andres manuel lopez obrador ', 'nuestro proyecto ustedes saben que es parte de lo que llamamos la cuarta transformacion de la vida publica de mexico le llamamos cuarta transformacion porque hubo tres transformaciones antes la independencia la reforma y la revolucion mexicana ']"
51,62,51_sheinbaum_claudia_pardo_presidenta,"['sheinbaum', 'claudia', 'pardo', 'presidenta', 'viva', 'nuestra', 'extradito', 'quieres', 'atiendo', 'doctora']","['presidenta claudia sheinbaum pardo gracias ', 'claudia sheinbaum pardo ya no ', 'presidenta claudia sheinbaum pardo si ']"
52,60,52_kilos_asegurado_kilogramos_mil,"['kilos', 'asegurado', 'kilogramos', 'mil', 'armas', 'fentanilo', 'fuego', 'laboratorios', 'toneladas', 'pastillas']","['como parte de estas acciones desde el inicio de la operacion al 10 de febrero se han realizado la detencion de 222 personas y el aseguramiento de 106 armas de fuego se han asegurado 19 mil 715 cartuchos de diversos calibres 648 cargadores mil 242 kilos de droga entre las cuales destacan 8 6 kilos de fentanilo ademas de 167 vehiculos y se han asegurado 20 inmuebles ', 'y el aseguramiento de 2 mil 627 armas de fuego de diferentes calibres 12 mil 964 cargadores 10 mil 459 52 kilogramos de marihuana 897 55 kilogramos de cocaina 18 mil 831 91 kilogramos de metanfetaminas 163 45 kilogramos y un millon 135 mil 425 pastillas de fentanilo 247 mil 91 kilogramos y 812 mil 979 litros de sustancias quimicas 43 laboratorios clandestinos de produccion de metanfetaminas asi como 2 mil 439 vehiculos y 384 inmuebles ', 'en este periodo han sido detenidas 21 mil 411 personas por delitos de alto impacto se han asegurado 157 toneladas de droga incluyendo cerca de una tonelada y media y mas de 2 millones 300 mil pastillas de fentanilo se han asegurado mas de 11 mil armas de fuego y se han inhabilitado mas de 915 laboratorios clandestinos y areas de concentracion para la elaboracion de metanfetaminas a cargo de la secretaria de la defensa nacional y de la secretaria de marina ']"
53,59,53_independencia_esclavitud_constitucion_independiente,"['independencia', 'esclavitud', 'constitucion', 'independiente', 'segunda', 'primera', 'grito', 'iturbide', '1821', 'revolucion']","['la primera transformacion la independencia de mexico que mexico se separo por decision de su pueblo de sus lideres de nuestros padres y madres de la patria de la corona espanola este ano fijense 2024 estamos cumpliendo 200 anos de la primera constitucion de la republica porque la independencia inicio en 1810 se consumo en 1821 pero despues de ello tuvo como representante del gobierno a iturbide e iturbide desaparecio el congreso y se quiso nombrar rey emperador y entonces el pueblo dijo no no luchamos tanto para ser una monarquia y llego guadalupe victoria como el primer presidente de mexico hace 200 anos el 10 de octubre fue el dia de 1824 fue el dia que llego el primer presidente de mexico ', 'la independencia de mexico que inicio en 1810 con el grito de dolores del cura hidalgo el padre de la patria es la primera transformacion profunda del pais porque dejamos de ser colonia espanola y nos convertimos en una nacion independiente la independencia se consumo en 1821 11 anos de guerra en el pais por la independencia y la justicia ', 'hace mas de 200 anos desde el inicio de la independencia 1810 con el grito del cura hidalgo que no solamente lucho por la independencia sino por la justicia porque asi como grito para construir un mexico soberano independiente unos dias despues grito por la abolicion de la esclavitud por la justicia fueron muchos anos de guerra de sufrimiento pero el pueblo de mexico logro un pais soberano independiente de la corona espanola ']"
54,57,54_delgado_mario_educacion_carrillo,"['delgado', 'mario', 'educacion', 'carrillo', 'publica', 'secretario', 'noemi', 'subsecretaria', 'basica', 'perez']","['el secretario de educacion publica mario delgado carrillo ', 'el secretario de educacion publica mario delgado carrillo ', 'el secretario de educacion publica mario delgado carrillo ']"
55,57,55_turismo_hoteles_turistico_josefina,"['turismo', 'hoteles', 'turistico', 'josefina', 'turistas', 'zamora', 'tulum', 'turistica', 'temporada', 'tianguis']","['a la secretaria de turismo josefina rodriguez zamora ', 'la secretaria de turismo josefina rodriguez zamora ', 'secretaria de turismo josefina rodriguez zamora bueno es un ejemplo de turismo comunitario ']"
56,56,56_diciembre_septiembre_noviembre_1o,"['diciembre', 'septiembre', 'noviembre', '1o', 'agosto', 'semanas', 'junio', 'reflexion', 'mes', 'horas']","['sigue la convocatoria y el registro para los que van a ser beneficiados del programa eso estaria pensando para abril mayo se va a hacer una convocatoria por las vias institucionales a traves de carteles la pagina del conavi asambleas informativas visitas domiciliarias y en el mes de mayo y junio iniciariamos el registro a traves de modulos que se instalaran en los poligonos de atencion prioritaria ', 'estos dias que son de cierre de ano e inicio de un nuevo ano siempre nos hacen pensar son momentos siempre de reflexion de alegria por supuesto porque estamos con la familia pero de mucha reflexion que ocurrio en el ano que estamos dejando que viene para el proximo ano que hicimos bien que hicimos mal estos momentos de reflexion para uno mismo para la familia y en este caso para la patria para nuestra nacion ', 'es importante para nosotras destacar la participacion y la trascendencia de este dia porque tambien con el 25 de noviembre inicia hasta el 10 de diciembre estos 16 dias de activismo concluyen el 10 de diciembre justamente en el dia internacional de los derechos humanos ']"
57,55,57_judicial_pardo_sheinbaum_claudia,"['judicial', 'pardo', 'sheinbaum', 'claudia', 'reforma', 'presidenta', 'corte', 'poder', 'tribunal', 'voto']","['presidenta claudia sheinbaum pardo bueno sobre el poder judicial pues ya conocen nuestra posicion y ademas ya hubo una aprobacion de la reforma al poder judicial ', 'presidenta de mexico claudia sheinbaum pardo la votacion que viene a ver si no me sanciona el ine lo que va a haber el 1o de junio retiro lo anterior lo que va a haber el 1o de junio eso va a sanear el poder judicial es la mejor manera la menos riesgosa la que va a permitir que quien sea elegido responda al voto popular y no a la relacion personal con una u otra persona ', 'presidenta de mexico claudia sheinbaum pardo depende de la sala superior del poder judicial de la del tribunal electoral del poder judicial de la federacion ']"
58,55,58_vacunacion_vacunas_vacuna_sarampion,"['vacunacion', 'vacunas', 'vacuna', 'sarampion', 'dosis', 'dengue', 'covid', 'virus', 'edad', 'anos']","['la vacuna doble viral contra sarampion y rubeola se recomienda en adolescentes y adultos de 11 a 39 anos de edad que reciban una dosis de refuerzo y para el personal de salud de 20 a 39 anos que este en contacto con casos positivos personas de mas de 40 anos no requieren vacunarse contra el sarampion ', 'presidenta de mexico claudia sheinbaum pardo por las razones que comentamos habia todavia contratos en el caso de la vacuna abdala obviamente la vacuna patria y otras marcas de estas vacunas y ya no se requiere comprar o adquirir tantas vacunas ', 'estamos echando a andar la semana nacional de vacunacion reforzando especificamente la vacunacion en los estados que resultaron afectados y en particular en las areas donde mas se requieren las vacunas ']"
59,55,59_gracias_pardo_sheinbaum_claudia,"['gracias', 'pardo', 'sheinbaum', 'claudia', 'presidenta', 'mexico', 'cadete', 'jesus', 'ivan', 'escutia']","['presidenta de mexico claudia sheinbaum pardo gracias ', 'presidenta de mexico claudia sheinbaum pardo gracias ', 'presidenta de mexico claudia sheinbaum pardo gracias ']"
60,55,60_carreteras_kilometros_caminos_rutas,"['carreteras', 'kilometros', 'caminos', 'rutas', 'carretera', 'federales', 'via', 'estaremos', 'carriles', 'tramo']","['20 mil millones en carreteras y caminos ', 'acabamos de empezar a tener recursos vamos tomando fuerza llevamos un 15 por ciento en las carreteras federales y un 8 por ciento en caminos rurales sin embargo terminaremos en mayo del 2025 con toda esta infraestructura como lo mencionamos 897 kilometros federales de carreteras federales y 427 kilometros de caminos rurales y alimentadores ', '3 mil kilometros de carreteras ']"
61,53,61_video_videos_proyeccion_pequeno,"['video', 'videos', 'proyeccion', 'pequeno', 'visualizacion', 'montaje', 'he', 'continuacion', 'veamos', 'videito']","[' proyeccion de video de la seccion vida saludable ', ' inicia video de la secretaria de marina ', 'tenemos un pequeno video no se si lo pueden poner ']"
62,51,62_pardo_sheinbaum_claudia_trabajo,"['pardo', 'sheinbaum', 'claudia', 'trabajo', 'presidenta', 'mexico', 'trabajando', 'consul', 'consulado', 'coordinacion']","['presidenta de mexico claudia sheinbaum pardo se esta trabajando en ello ', 'presidenta de mexico claudia sheinbaum pardo hay coordinacion es lo importante ', 'presidenta de mexico claudia sheinbaum pardo estamos trabajando ']"
63,50,63_armas_aseguraron_largas_alias,"['armas', 'aseguraron', 'largas', 'alias', 'delictivo', 'fueron', 'celula', 'detenidas', 'detenidos', 'violencia']","['el 22 de octubre personal de la secretaria de la defensa nacional detuvo a edwin antonio n alias el max jefe de una celula delictiva quien es considerado uno de los principales generadores de violencia en culiacan sinaloa el cual participo en diversos hechos ocurridos violentos recientemente en el estado durante esta detencion la secretaria de la defensa nacional aseguro cuatro ametralladoras 17 armas largas cinco armas cortas un fusil barrett calibre 50 chalecos balisticos cascos balisticos ademas de siete vehiculos y mas de mil pastillas de fentanilo ', 'en acapulco las instituciones del gabinete de seguridad ejecutaron dos ordenes de cateo donde fueron detenidas cuatro personas entre ellas marco antonio n lider de un grupo delictivo generador de violencia el cual cuenta con una orden de aprehension por delitos contra la salud ademas en seguimiento a las investigaciones se detuvo a dos hombres mas a los que se les aseguraron armas de fuego largas en un segundo evento se detuvo a dos integrantes mas de este mismo grupo delictivo a quienes se les aseguro un arma mas ', 'en escuinapa sinaloa resultado del reforzamiento de seguridad se ejecuto una orden de cateo donde fueron detenidas cinco personas que formaban parte de un grupo delictivo entre ellas juan manuel n jefe de una celula delictiva en esta accion se aseguraron tres armas largas dos ametralladoras mas de 2 mil 500 cartuchos armas cortas cocaina y un vehiculo ']"
64,50,64_oaxaca_santiago_pueblos_pinotepa,"['oaxaca', 'santiago', 'pueblos', 'pinotepa', 'originarios', 'mixteca', 'huajuapan', 'conecta', 'huracan', 'grande']","['y oaxaca en santiago tapextla santo domingo armenta santiago llano grande san jose estancia grande pinotepa nacional santiago jamiltepec villa tututepec san juan bautista lo de soto santa maria huazolotitlan y martires de tacubaya ', 'en tanto que en oaxaca visitamos 10 municipios santiago tapextla santo domingo armenta santiago llano grande san jose estancia grande santiago pinotepa nacional santiago jamiltepec villa tututepec san juan bautista lo de soto santa maria huazolotitlan y martires de tacubaya ', 'vamos a hacer la planta de separacion de basura para oaxaca para la ciudad de oaxaca tambien ']"
65,50,65_puente_puentes_viaductos_longitud,"['puente', 'puentes', 'viaductos', 'longitud', 'kilometros', 'estructura', 'metros', 'vehiculares', 'reconstruccion', 'montajes']","['el puente jojutla en el circuito tierra y libertad en morelos ya se demolio el existente ahorita tenemos unos desvios la poblacion sigue pudiendo cruzar pero tuvimos que bajar el puente completo para ampliar su seccion y es parte de la modernizacion de todo el circuito este ano estamos interviniendo una buena parte de conservacion de este circuito mas la reconstruccion de este puente mas bien la construccion del nuevo puente ', 'como parte del plan nacional de infraestructura carretera 2025 2030 presentado por nuestra presidenta claudia sheinbaum pardo en 2026 dara inicio en este estado la construccion de 4 nuevos puentes que reforzaran la conectividad en el municipio de manzanillo el puente la flechita puente barrio v y en el ingreso principal a manzanillo y en la zona limitrofe entre colima y michoacan se reconstruira el puente las tunas ', 'hoy estamos para dar el banderazo de salida de este puente y otros dos puentes en colima que se suman a dos puentes que ya habiamos dado el banderazo de salida y tambien informamos de otros puentes vehiculares que vamos a desarrollar a partir del 2026 para la zona metropolitana de manzanillo ']"
66,49,66_votar_votos_voto_urna,"['votar', 'votos', 'voto', 'urna', 'boletas', 'ejercer', 'votacion', '1o', 'junio', 'candidatos']","[' quien va a participar este proximo 1o de junio para votar ', ' como es posible que el presidente de la corte hugo aguilar tenga mas votos que el pri por cierto y sea el de mayor numero de votos y el que le sigue tenga la mitad de los votos si hubiera habido un acordeon todos hubieran tenido el mismo numero de votos ', 'pero hay que ir a votar quien va a ir a votar el 1o de junio ']"
67,49,67_beca_secundaria_escuela_ninos,"['beca', 'secundaria', 'escuela', 'ninos', 'ninas', 'cetina', 'rita', 'primaria', 'preescolar', 'becas']","['las becas universales que ya son universales para todas las ninas y ninos de secundaria la beca rita cetina que ya tienen su beca el proximo ano nos vamos a todos los ninos y ninas de primaria y preescolar van a tener su beca universal todos los que vayan a escuela publica ', 'el segundo es las becas a todas las ninas y ninos que van a escuela publica a todas y a todos sin excepcion este ano ya cumplimos que todos los ninos de secundaria y ninas tienen la beca rita cetina y el proximo ano van a ser las ninas y los ninos todos que van a escuela publica de primaria y de preescolar ', 'el segundo es para los ninos y ninas de mexico es beca universal para todas las ninas y ninos que estudian en escuela publica este ano ya cumplimos con todas y todos los adolescentes de secundaria presidente lopez obrador le dio a los de preparatoria y hoy todos los adolescentes ninas y ninos de secundaria ya tienen su beca la beca rita cetina beca universal ']"
68,49,68_registro_desaparecidas_casos_carpeta,"['registro', 'desaparecidas', 'casos', 'carpeta', 'busqueda', 'curp', 'persona', 'desaparecida', 'datos', 'identificacion']","['ahora vamos a usar la clave unica de registro de poblacion la curp biometrica como una herramienta no solo de identidad sino de busqueda de desaparecidos o no localizados y se consolidara asi un nuevo modelo donde los estados juegan un papel muy importante ya que tienen registros civiles solo solicitamos mantener la informacion actualizada ', 'se ha atendido pero necesitamos atenderlo mas y para ello incluso necesitamos lo que menciono necesitamos modificar las leyes para que haya un solo registro porque en muchos de los registros ni siquiera hay los suficientes datos de las personas desaparecidas que estan registradas en la comision nacional de busqueda ', 'parte de las reformas que estamos planteando en el caso de desaparecidos fijense hay de acuerdo con la ley hay dos maneras en que un ministerio publico puede registrar el caso de una denuncia de una persona desaparecida una es por un registro sin abrir carpeta de investigacion y otra es abriendo carpeta de investigacion no se si sea este el caso pero lo revisamos con gusto para poder apoyarla ']"
69,48,69_lenguas_lengua_divulgador_bulmaro,"['lenguas', 'lengua', 'divulgador', 'bulmaro', 'indigenas', 'sanchez', 'nahuatl', 'juarez', 'indigena', 'hablantes']","['divulgador de lenguas indigenas bulmaro juarez sanchez con su permiso presidenta ', 'divulgador de lenguas indigenas bulmaro juarez sanchez con su permiso presidenta ', 'divulgador de lenguas indigenas bulmaro juarez sanchez con su permiso presidenta ']"
70,48,70_impuestos_imss_impuesto_pagan,"['impuestos', 'imss', 'impuesto', 'pagan', 'bienestar', 'aumento', 'empresarios', 'fiscales', 'dif', 'transfirieron']","['primero porque todas nuestras hermanas y hermanos alla ya pagan impuestos pagan impuesto por trabajar y pagan impuestos al consumir ', 'que si porque todos aumentaron impuestos eh impuestos en el pasado zedillo aumento impuestos fox aumento impuestos calderon aumento impuestos pena aumento impuestos y nunca tuvieron la recaudacion que hay ahora porque habia privilegios y corrupcion ', 'entonces esto es la gran mentira que tenemos que empezar a propagar porque claro que pagamos impuestos ademas del impuesto de las compras del impuesto de las casas del impuesto de la renta y todos los demas impuestos pero tambien como empleados pagamos impuestos ']"
71,47,71_maiz_frijol_transgenico_produccion,"['maiz', 'frijol', 'transgenico', 'produccion', 'arroz', 'siembra', 'biodiversidad', 'criollo', 'blanco', 'hibrido']","['el dia de hoy pues ya saben estamos como nos comprometimos dando el banderazo de salida el inicio de este nuevo programa para el campo que le llamamos cosechando soberania porque lo que queremos es aumentar la produccion en mexico de lo principal lo principal es lo que comemos los mexicanos maiz maiz criollo el maiz que viene del origen porque aqui en nuestro pais nacio el maiz y de aqui se fue a todos lados del mundo ', 'y tiene que ver principalmente con la proteccion del maiz que se siembra en mexico aunque tambien hay maiz hibrido en mexico que no es transgenico pero si depende de la compra de semilla y nosotros lo que queremos es fortalecer el maiz criollo que se recupere la siembra del maiz criollo y la proteccion del germoplasma que se llama que es la biodiversidad genetica ', 'el maiz es mexico por eso se dice sin maiz no hay pais ']"
72,46,72_aeropuerto_pasajeros_internacional_vuelo,"['aeropuerto', 'pasajeros', 'internacional', 'vuelo', 'felipe', 'angeles', 'vuelos', 'rutilio', 'aereo', 'destinos']","['llega al aeropuerto internacional felipe angeles lo recibe el canciller ', 'el general pastor director general del aeropuerto internacional felipe angeles nos viene a platicar de la cantidad de pasajeros que han viajado a traves de este hermoso aeropuerto a algunos les da coraje asi tremendo hermoso aeropuerto que gano el premio como uno de los aeropuertos mas bonitos del mundo ', 'bueno vamos al informe del aeropuerto internacional felipe angeles ']"
73,46,73_salario_minimo_inflacion_aumento,"['salario', 'minimo', 'inflacion', 'aumento', 'canastas', 'basicas', 'salarial', 'salarios', 'aumentan', 'aumentaba']","['numero 1 el aumento al salario minimo no se nos debe olvidar nunca que por 36 anos no aumento el salario minimo en nuestro pais ', 'o sea recuerden todo lo que se decia que si aumentaba el salario minimo iba a haber inflacion bueno aumento el salario minimo y no hubo inflacion y siguieron las inversiones ', 'uno como lo dije desde los primeros dias cuando anunciamos el incremento al salario minimo hoy estamos en que el salario minimo alcanza para comprar 1 8 canastas basicas nuestro objetivo es que alcance para 2 5 canastas basicas eso significa un aumento salarial sustantivo cada ano por encima de la inflacion y ademas ya quedo establecido que el salario minimo no puede o debe aumentar siempre por encima de la inflacion ']"
74,46,74_jovenes_futuro_construyendo_programa,"['jovenes', 'futuro', 'construyendo', 'programa', 'empleo', 'ocupacion', 'trabajo', 'destacar', 'queremos', 'participan']","['entonces sigue el programa jovenes construyendo el futuro sigue como un programa de construccion de paz de atencion a los jovenes que son el presente y el futuro de mexico ', 'que el programa de jovenes construyendo el futuro ya es parte de la constitucion de la republica ', 'el programa jovenes construyendo el futuro ya esta en la constitucion ']"
75,46,75_robledo_zoe_seguro_aburto,"['robledo', 'zoe', 'seguro', 'aburto', 'instituto', 'mexicano', 'social', 'director', 'general', 'imss']","['director general del instituto mexicano del seguro social imss zoe robledo aburto muchas gracias presidenta ', 'director general del instituto mexicano del seguro social imss zoe robledo aburto muchas gracias ', 'director general del instituto mexicano del seguro social imss zoe robledo aburto muchas gracias ']"
76,45,76_semiconductores_diseno_desarrollo_olinia,"['semiconductores', 'diseno', 'desarrollo', 'olinia', 'ciencia', 'innovacion', 'tecnologica', 'cientifico', 'kutsari', 'patentes']","['no solamente la instalacion de empresas que jalisco tambien tiene empresas de semiconductores muy importantes no solamente el traer las inversiones a mexico sino el desarrollo cientifico y tecnologico relacionado con los semiconductores ', 'ya hemos presentado el proyecto olinia y ahora presentamos este proyecto kutsari centro nacional de diseno de semiconductores ', 'uno es el sector de los semiconductores presidenta usted nos ha apoyado para tener el primer centro de diseno de semiconductores a nivel nacional que yo espero pronto ya le podamos presentar esta es una empresa muy importante en el desarrollo de semiconductores ']"
77,45,77_plan_polos_inversiones_mexico,"['plan', 'polos', 'inversiones', 'mexico', 'produccion', 'desarrollo', 'economia', 'economico', 'tenemos', 'hablamos']","['nosotros creemos que con el plan mexico y el plan de desarrollo que tenemos vamos a impulsar el crecimiento economico ', 'y el objetivo es el plan mexico que es la produccion nacional ', 'eso tiene que ver con el plan mexico ']"
78,45,78_maestros_educacion_maestras_universidad,"['maestros', 'educacion', 'maestras', 'universidad', 'escuela', 'universidades', 'profe', 'certificado', 'mexicana', 'escuelas']","['dejaron de construir universidades para que la gente se fuera a universidades privadas e igual esta bien que haya universidades privadas pero el gobierno debe garantizar educacion publica gratuita desde el preescolar hasta la universidad que cualquier joven que desee estudiar la universidad pueda estudiar la universidad eso tiene un nombre derecho es un derecho del pueblo de mexico la educacion ', 'presidenta de mexico claudia sheinbaum pardo son las maestras y los maestros ', 'nuestros jovenes de 15 anos contaran con un espacio educativo creativo incluyente cientifico y humanista en el marco de la nueva escuela mexicana a partir de este ciclo escolar recibiran un certificado de bachillerato nacional en modalidad general o tecnica por parte de la secretaria de educacion publica y tambien cuando se graduen del bachillerato nacional un certificado de alguna institucion publica de educacion superior en su diseno participaron maestras maestros y estudiantes ']"
79,44,79_marina_raymundo_pedro_morales,"['marina', 'raymundo', 'pedro', 'morales', 'almirante', 'angeles', 'mar', 'secretario', 'capitan', 'navio']","['almirante raymundo pedro morales angeles secretario de marina ', 'almirante raymundo pedro morales angeles secretario de marina ', 'almirante raymundo pedro morales angeles secretario de marina ']"
80,43,80_puerto_puertos_manzanillo_mar,"['puerto', 'puertos', 'manzanillo', 'mar', 'oceano', 'buques', 'marina', 'ensenada', 'oceanos', 'ultramar']","['con la secretaria de marina anunciamos ya el inicio de trabajos para la ampliacion del puerto de manzanillo y tambien del puerto progreso mejoraremos ademas los de ensenada lazaro cardenas acapulco seybaplaya y veracruz ', '85 mexico tiene todo para consolidarse como una potencia portuaria y de cabotaje con inversion publica y privada ademas de consolidar salina cruz se ampliaran los puertos de punta colonet punta libertad y guaymas sonora laguna de cuyutlan en manzanillo lazaro cardenas michoacan puerto chiapas progreso yucatan ceiba playa campeche tuxpan veracruz altamira y puerto del norte en matamoros tamaulipas ', 'los puertos son o cabotaje es decir que se transporta de un puerto mexicano a otro puerto mexicano o de exportacion o de importacion o de desarrollo turistico ']"
81,43,81_corrupcion_cero_inai_infonavit,"['corrupcion', 'cero', 'inai', 'infonavit', 'organismos', 'corruptos', 'transparencia', 'erradicar', 'combatir', 'pagos']","['fortalecer la institucion para erradicar la corrupcion y que los trabajadores tengan la certeza de que van a recibir creditos de viviendas que se van a construir y que deje de haber estos esquemas de corrupcion que pueda entrar a auditar la auditoria superior de la federacion al infonavit y que haya transparencia porque lo que no hay y es principalmente por esta participacion al mismo nivel de las direcciones generales de los trabajadores y de los empresarios que no todos obviamente pero en muchisimos de los casos terminan en actos de corrupcion ', 'entonces corruptelas no eso si no y tampoco en la compra de medicamentos van a regresar aquellas empresas que compraban todo para eso hay transparencia entonces cero corrupcion esa es una manda del pueblo de mexico para todos los que somos de la cuarta transformacion cero corrupcion transparencia que ayuda a evitar la corrupcion ', 'corrupcion de funcionarios del infonavit ']"
82,43,82_pardo_sheinbaum_claudia_celac,"['pardo', 'sheinbaum', 'claudia', 'celac', 'todavia', 'presidenta', 'mexico', 'proxima', 'reunion', 'esperar']","['presidenta de mexico claudia sheinbaum pardo fijense que todavia tengo con juan ramon el tema es el tiempo porque vamos a participar en la primera ponencia o la primera reunion que es sobre pobreza la segunda es sobre organismos internacionales el fortalecimiento de naciones unidas y su papel en la construccion para la paz entonces queda muy poco tiempo y ahi todavia esta ahi juan ramon ajustando los horarios ', 'presidenta de mexico claudia sheinbaum pardo podria ser podria ser por lo pronto en terminos de la cumbre con celac lo esta viendo el presidente petro para ver las fechas y cuando seria y la sede tambien nosotros podriamos poner mexico como la sede pero esta a definirse ', 'presidenta de mexico claudia sheinbaum pardo ahora viene la reunion de la celac creo que es el 9 no se que dia es estamos tengo pendiente una llamada con la presidenta de honduras porque pasa la presidencia de la celac de xiomara castro al presidente petro ']"
83,42,83_salud_sistema_acceso_derecho,"['salud', 'sistema', 'acceso', 'derecho', 'cofepris', 'mexicano', 'mexicana', 'imss', 'mercancia', 'medicamentos']","['durante ese periodo corrupcion privilegios se gobernaba para unos cuantos quisieron convertir el acceso a la salud en una mercancia incluso se pagaba para ir a un hospital publico o a un centro de salud publico pero ahora con la cuarta transformacion el acceso a la salud no es una mercancia no es un privilegio es un derecho del pueblo de mexico establecido en el 4o constitucional ', 'y lo mismo es el acceso a la salud publica la salud publica no es una mercancia que solamente el que pueda pagar tenga acceso no es un privilegio para ningun mexicano o mexicana el acceso a la salud publica es un derecho constitucional establecido en el articulo 4o y a los gobiernos nos corresponde garantizar ese acceso a la salud ', 'el derecho al acceso a la salud que vamos poco a poco pero estamos dedicados en cuerpo y alma para poder brindar un buen sistema de salud al pueblo de mexico gratuito de calidad que permita que no importa que enfermedad tenga un mexicano o mexicana se le atendera de la mejor forma con todos los medicamentos gratuitos eso significa derecho a la salud ']"
84,40,84_trump_usted_donald_critica,"['trump', 'usted', 'donald', 'critica', 'postura', 'mexicanos', 'presidente', 'carta', 'entra', 'diciendo']","['presidenta creo que con su carta a donald trump queda claro que en mexico se ha cambiado aqui mismo en donde a donald trump se le pusieron de tapete con mucho respeto lo digo cuando enrique pena nieto gobernaba este pais usted hace una respuesta contundente a las amenazas de donald trump ', 'y lo digo porque ya tambien en la camara de senadores parte de la oposicion no toda hay una parte que esta cerrando filas con usted frente a esta postura mexicana a la clara carta que nos leyo el dia de ayer aqui presente pero hay una parte de la oposicion que incluso se pone del lado de donald trump en temas argumentativos atacando en este caso a usted como presidenta y como la postura de mexico ', 'cuando se hace una critica desde la parte genuina siempre se dice que se le esta haciendo el juego a la derecha y ejemplo de eso fue lo que paso justamente con el tema de andrea chavez porque el monero hernandez que es uno de los mejores caricaturistas de este pais y que es afin a este gobierno cuando ejercio la critica contra andrea chavez diciendo que su autopromocion era inmoral recibio un linchamiento mediatico diciendo que ya se habia corrompido que ya le estaba haciendo el juego a la derecha ']"
85,40,85_investigacion_investigaciones_estudio_carpeta,"['investigacion', 'investigaciones', 'estudio', 'carpeta', 'paralelo', 'tope', 'analisis', 'previas', 'pruebas', 'investigando']","['la metodologia analitica fue muy similar a la del primer estudio se denomina cromatografia de gases acoplado a espectrometria de masas que nos permite no solo identificar con alta presion que molecula es la que estamos identificando en el laboratorio sino tambien su concentracion y las concentraciones de esta sustancia rebasan lo senalado en normas internacionales de exposicion a este tipo de compuestos ', ' que hace con esa carpeta de investigacion una vez que tiene las pruebas ', 'derivado de lo anterior es que se desarrollo un protocolo de investigacion conjuntamente con un centro de investigacion del conahcyt el cideteq de queretaro cuyos investigadores tienen una amplia experiencia en el analisis de este tipo de muestras ']"
86,40,86_neoliberal_36_1982_periodo,"['neoliberal', '36', '1982', 'periodo', 'gobiernos', 'arriba', 'abajo', 'modelo', 'neoliberalismo', '2018']","['durante todo el periodo que llamamos el periodo neoliberal que en mexico fue de 1982 al 2018 los gobiernos se dedicaron a servir a los de arriba y habia una teoria economica que incluso fue escrita que decia que si se llegaban arriba los recursos algun dia iban a bajar y se demostro que eso es falso que cuando se apoya al de mas arriba nunca llega abajo al contrario se lo quedan todo no se distribuye en cambio cuando se apoya desde abajo no solamente hay menos pobreza no solamente hay bienestar sino que se apoya a toda la economia ', 'y despues vino un periodo llamado periodo neoliberal tiempo despues que fue de 1982 al 2018 36 anos del periodo neoliberal ', 'se separo el poder economico del poder politico durante anos 36 anos de un modelo que empobrecio al pueblo llamado el modelo neoliberal que fue desde 1982 hasta el 2018 los gobiernos vieron a los de arriba y los meros de arriba decidieron que el gobierno era de ellos ']"
87,40,87_paz_desarme_causas_senderos,"['paz', 'desarme', 'causas', 'senderos', 'construir', 'violencia', 'conflictos', 'ausencia', 'desamor', 'amor']","[' si al desarme si a la paz es una accion comunitaria que alienta a los participantes a construir un futuro mejor y un pais en paz lo que contribuye a eliminar las violencias merece todos los esfuerzos ', 'por eso en esta ciudad pensamos que construir cultura de paz es construir justicia en la ciudad que construir senderos de paz en la ciudad significa tambien cultura deporte y atencion a las causas justas que provocan las desigualdades ', ' si al desarme si a la paz ']"
88,40,88_voz_mujer_gobierno_ilicito,"['voz', 'mujer', 'gobierno', 'ilicito', 'armamento', 'seguridad', 'transportes', 'mexico', 'comunicaciones', 'estrategia']","['voz de mujer gobierno de mexico ', 'voz de mujer gobierno de mexico ', 'voz de mujer gobierno de mexico ']"
89,40,89_pobreza_pobres_primero_desigualdad,"['pobreza', 'pobres', 'primero', 'desigualdad', 'disminuye', 'bien', 'todos', 'principio', 'ingreso', 'demostro']","['asi que se demostro que por el bien de todos primero pobres ayuda al que menos tiene disminuye la pobreza disminuye la desigualdad y ademas a todos les va mejor ', 'el primero por el bien de todos primero los pobres ', 'entonces por el bien de todos primero los pobres ']"
90,40,90_soberano_pueblo_independiente_libre,"['soberano', 'pueblo', 'independiente', 'libre', 'pais', 'libertad', 'partido', 'mexico', 'somos', 'siempre']","['mexico es un pais libre independiente y soberano ', 'mexico mexico es un pais libre soberano independiente ', 'mexico es un pais libre soberano independiente ']"
91,39,91_ciudad_investigacion_fiscalia_delito,"['ciudad', 'investigacion', 'fiscalia', 'delito', 'existe', 'informacion', 'colaboracion', 'autoridades', 'extradicion', 'unidos']","['imaginense ustedes una persona todavia en algunos codigos esta asi por ejemplo en la ciudad de mexico nosotros lo cambiamos de inmediato cuando llegamos a la ciudad para que si una persona se reporta desaparecida de inmediato se despliegue todas fuerzas policiales de la fiscalia incluso otras instituciones por ejemplo en todo el territorio esta la secretaria de bienestar y dice bueno hay una persona que no esta localizada pues todos entre todas las instituciones se busca en las primeras horas ', 'en la ciudad de mexico en un trabajo coordinado con las autoridades de la ciudad de mexico la fiscalia general de justicia de la ciudad de mexico y la policia de la ciudad de mexico se cumplimentaron ordenes de aprehension contra una celula delictiva contra dos hombres vinculados con extorsion agravada y asociacion delictuosa ', ' esto quiere decir fijense lo asevera eh el articulo de riva palacio llanamente que si hay operaciones de espionaje sobre territorio mexicano de donde lo saca contrario a lo que aseguraron la presidenta y el secretario de la defensa no hay ninguna operacion ilicita y es parte de una colaboracion y una coordinacion que existe desde hace anos en nuestro pais y muchos de estos vuelos son a peticion del gobierno de mexico para solicitar tecnologias que mexico puede no tener y que se hicieron con el conocimiento y autorizacion del gobierno o sea como si nosotros hubieramos permitido la vulneracion de nuestra soberania y no fuera parte de un protocolo de colaboracion que en publico afirman que no permitiran tales acciones ']"
92,39,92_informacion_datos_4783_buzon,"['informacion', 'datos', '4783', 'buzon', 'gob', '368', 'toda', 'actualizar', 'mx', 'sistemas']","['bueno esta informacion es importante para todas y para todos ', 'de ahi que sea muy importante insistir en nuestra campana de actualizacion de datos les pedimos a todas y a todos nuestros acreditados que puedan actualizar datos desde nuestro portal fovissste gob mx o llamando y escribiendo al 800 368 4783 repito 800 368 4783 ', 'pues esta es la informacion ']"
93,39,93_indigenas_pueblos_comunidades_afromexicanas,"['indigenas', 'pueblos', 'comunidades', 'afromexicanas', 'presupuesto', 'directo', 'sujetos', '2o', 'constitucional', 'anexo']","['bueno este ano tambien aqui veo amigos amigas de los pueblos indigenas por primera vez los pueblos originarios recibieron presupuesto directo presupuesto directo ahora todas las comunidades indigenas y afromexicanas mas de 20 mil comunidades por primera vez en la historia estan recibiendo un presupuesto que en las propias asambleas deciden para que lo van a utilizar ', 'la otra accion muy importante que hicimos este ano por primera vez es que todas las comunidades indigenas y afromexicanas del pais recibieron por primera vez presupuesto directo presupuesto directo del gobierno federal eso es porque cambio la constitucion el articulo 2o ya dice que todos los pueblos originarios son sujetos de derecho publico asi es ', 'y finalmente que es el tema que nos ocupa el dia de hoy es la asignacion de presupuesto directo a pueblos y comunidades indigenas y afromexicanas como lo ha dicho nuestra presidenta esto tiene ahora una base constitucional como ustedes saben ahora se ha reconocido en nuestra constitucion a los pueblos y comunidades indigenas como sujetos de derecho publico con personalidad juridica y patrimonio propio ']"
94,38,94_democracia_libertad_pueblo_autoritarismo,"['democracia', 'libertad', 'pueblo', 'autoritarismo', 'libertades', 'somos', 'autoritario', 'represion', 'ni', 'dicen']","['ya andan diciendo los que no son de nuestro movimiento los adversarios politicos y luego algunos intelectuales que se creen muy inteligentes que dicen eso es autoritarismo autoritarismo son gobiernos que no permiten ni libertades ni democracia ni libertad de expresion ni libertad de reunion como va a ser autoritario que el pueblo decida ', 'y ahi comenzo la democracia porque si no no hubiera habido democracia en nuestro pais ', 'presidenta claudia sheinbaum pardo lo que hay en el pais es democracia dicen que no es suficiente decir la frase de lincoln que dice que la democracia es el poder del pueblo por el pueblo y para el pueblo pero en el pais hay democracia y hay libertades la gente puede manifestarse hay libertad de prensa hay libertad de expresion hay libertad de reunion hay libertad de manifestacion hay libertad para poder debatir hay libertades y no hay pensamiento unico no hay nosotros no pedimos que todo mundo piense como la presidenta imaginense seria eso seria dictadura lo que hay es un 60 por ciento de los votantes que votaron por una opcion por un proyecto de gobierno por un proyecto de nacion mas alla de un proyecto de gobierno ']"
95,38,95_efrain_morales_comision_director,"['efrain', 'morales', 'comision', 'director', 'agua', 'conagua', 'lopez', 'general', 'nacional', 'subdirector']","['el director general de la comision nacional del agua efrain morales lopez ', 'el director general de la comision nacional del agua efrain morales lopez ', 'el director general de la comision nacional del agua efrain morales lopez ']"
96,37,96_transportes_esteva_comunicaciones_medina,"['transportes', 'esteva', 'comunicaciones', 'medina', 'jesus', 'infraestructura', 'antonio', 'secretario', 'maestro', 'senora']","['el secretario de infraestructura comunicaciones y transportes jesus antonio esteva medina ', 'el secretario de infraestructura comunicaciones y transportes jesus antonio esteva medina ', 'el secretario de infraestructura comunicaciones y transportes jesus antonio esteva medina ']"
97,37,97_ambiente_climatico_medio_huracan,"['ambiente', 'climatico', 'medio', 'huracan', 'ibarra', 'ambiental', 'naturales', 'barcena', 'alicia', 'cambio']","['moderador maestra alicia barcena ibarra secretaria de medio ambiente y recursos naturales ', 'secretaria de medio ambiente y recursos naturales alicia barcena ibarra con su permiso senora presidenta ', 'la secretaria del medio ambiente y recursos naturales doctora alicia barcena ibarra ']"
98,36,98_doctor_sheinbaum_claudia_hospitales,"['doctor', 'sheinbaum', 'claudia', 'hospitales', 'pardo', 'doctora', 'salud', '1000', 'medico', 'kershenobich']","['presidenta de mexico claudia sheinbaum pardo doctor kershenobich ', 'presidenta de mexico claudia sheinbaum pardo gracias doctor ', 'presidenta de mexico claudia sheinbaum pardo doctor ']"
99,35,99_pardo_sheinbaum_claudia_presidenta,"['pardo', 'sheinbaum', 'claudia', 'presidenta', 'convertidos', 'mexico', 'influye', 'aparte', 'generales', 'campanita']","['presidenta de mexico claudia sheinbaum pardo benito juarez melchor ocampo esos liberales patriotas dice paco taibo poetas convertidos en generales abogados convertidos en generales que separaron la iglesia del estado y tambien lucharon contra la intervencion francesa logrando la segunda independencia de mexico ', 'presidenta de mexico claudia sheinbaum pardo en donde es la ', 'presidenta de mexico claudia sheinbaum pardo de donde ']"
100,35,100_agua_potable_valle_metropolitana,"['agua', 'potable', 'valle', 'metropolitana', 'riego', 'drenaje', 'hidalgo', 'plan', 'zona', 'oriente']","['en cuanto a la zona oriente del estado de mexico es un proyecto que estamos realizando con el gobierno del estado con 10 municipios que contemplan inversiones conjuntas se traduce en 101 acciones que van a repercutir sobre todo en el abasto de agua potable y acciones de drenaje hay algunos elementos muy importantes como la obra que se esta realizando ya actualmente en chalco que nos va a ayudar a evitar inundaciones en el futuro y tambien esta ya en proceso la rehabilitacion y construccion de algunas obras en ecatepec para dotar de agua potable a la poblacion ', 'y hay un plan integral para el valle de mexico que es parte tambien del oriente los recursos se van a depositar en un fideicomiso que existe desde hace muchos anos para la zona metropolitana del valle de mexico que es el fideicomiso 1928 ahi son recursos que vienen del estado de mexico y de la ciudad y recursos adicionales que van a llegar de los municipios y con ese recurso queda establecido claramente para que obras se va a desarrollar obras de agua potable y de saneamiento ', 'el norte del pais sufre una escasez de agua muy importante y por eso ahi vamos a concentrar una parte importante de las obras pero tambien la zona metropolitana del valle de mexico tiene un estres hidrico incluido el estado de hidalgo y tenemos un plan ya integral para poder mejorar la calidad y el abastecimiento de agua para estas zonas ']"
101,35,101_david_kershenobich_stalnikowitz_secretario,"['david', 'kershenobich', 'stalnikowitz', 'secretario', 'salud', 'doctor', 'practica', 'eminencia', 'medico', 'internacionalmente']","['el secretario de salud david kershenobich ', 'el secretario de salud david kershenobich ', 'el secretario de salud david kershenobich stalnikowitz ']"
102,35,102_manero_gertz_alejandro_fiscal,"['manero', 'gertz', 'alejandro', 'fiscal', 'republica', 'general', 'comenzamos', 'extradicion', 'solicitud', 'agrario']","['fiscal general de la republica alejandro gertz manero buenos dias ', 'fiscal general de la republica alejandro gertz manero gracias a usted ', 'fiscal general de la republica alejandro gertz manero si como no ']"
103,35,103_medica_clinica_enfermeria_medicina,"['medica', 'clinica', 'enfermeria', 'medicina', 'clinico', 'atencion', 'medico', 'salud', 'cuidados', 'familiar']","['si en el mismo sentido hay cinco estrategias que se han llevado a cabo en el seguro social sobre todo para la consulta de medicina familiar el medico medica familiar que atiende varios padecimientos la consulta tambien preventiva ', 'entonces vamos a empezar con el primero que es el expediente clinico electronico aqui es importante aclararle a quienes nos ven que es el expediente clinico electronico cada vez que vamos a un consultorio y nos atiende un medico o una medica realiza un interrogatorio todos aqui yo creo que en algun momento de nuestras vidas hemos estado en esa situacion el medico o la medica necesita tener acceso inmediato a la historia completa del paciente necesita conocer sus antecedentes necesita conocer si ha tenido alergias si tiene alguna alergia cuales son los medicamentos que esta tomando o que ha tomado en el pasado alguna prueba de laboratorio que le hayan realizado si le hicieron en algun momento una cirugia si tuvo un ingreso hospitalario y que ocurrio en ese ingreso hospitalario si tuvo que llegar a urgencias en algun momento ', 'como vemos aqui las que tienen mayor demanda son medicina familiar el primer nivel de atencion la parte preventiva que es la columna vertebral de nuestro sistema de salud la medicina de urgencias anestesiologia cirugia general ginecobstetricia medicina interna y otras que son menos las contrataciones pero son importantes tambien porque son subespecialidades ']"
104,34,104_preguntas_pasamos_aca_contestamos,"['preguntas', 'pasamos', 'aca', 'contestamos', 'bueno', 'vamos', 'ahora', 'luego', 'si', 'amparar']","['bueno vamos con las preguntas ', 'bueno vamos a las preguntas ', 'bueno vamos a las preguntas ']"
105,34,105_consulados_consulado_paisanos_canciller,"['consulados', 'consulado', 'paisanos', 'canciller', 'consules', 'legal', 'apoyo', 'algunos', 'embajadores', 'nuestros']","['todo eso depende del instituto nacional electoral que se hace a traves de los consulados que es la mejor via para hacerlo no depende directamente de la secretaria de relaciones exteriores los consulados prestan su espacio para que el ine lo pueda hacer ', 'y la otra pues es todo el fortalecimiento a los consulados que tambien estamos trabajando ', 'lo segundo el apoyo que tenemos que darles a nuestros connacionales con los consulados por eso la simplificacion administrativa el apoyo legal que deban tener el que sientan que en los consulados estan con ellos que no los vamos a dejar solos o solas en ningun momento ']"
106,34,106_ley_leyes_reglamento_amparo,"['ley', 'leyes', 'reglamento', 'amparo', 'cambios', 'tombola', 'fortalecen', 'observaciones', 'abuso', 'federacion']","['entonces eso tiene objetivo ese es el objetivo de las cuatro leyes que se presentaron y la ley de amparo esta en esa perspectiva ', 'pregunta bien presidenta ya finalmente en otro tema el presidente de la jucopo en la camara de diputados anuncio que habra una nueva ley de juegos y sorteos que esta data de 1946 un reglamento que ya no sirve ya no funciona y que con este nuevo reglamento se podria combatir la corrupcion evitar las extorsiones y asi de esa manera habra una mejor recaudacion fiscal igualmente mejorar la situacion laboral de quienes trabajan ahi ', 'en este caso de la ley nacional que presento pepe es muy importante las leyes generales o las leyes nacionales orientan a las leyes estatales es decir los estados tienen que hacer los cambios en sus leyes estatales para poder cumplir con lo que dice la ley nacional o una ley general ']"
107,34,107_ver_preguntado_pardo_sheinbaum,"['ver', 'preguntado', 'pardo', 'sheinbaum', 'claudia', 'moscas', 'aca', 'companera', 'presidenta', 'quien']","['presidenta de mexico claudia sheinbaum pardo a ver ', 'presidenta de mexico claudia sheinbaum pardo a ver ', 'presidenta de mexico claudia sheinbaum pardo a ver ']"
108,34,108_voz_mujer_proyeccion_video,"['voz', 'mujer', 'proyeccion', 'video', 'seccion', 'terremoto', 'mujeres', 'historia', 'lleno', 'servicios']","['voz mujer la clinica es nuestra 2025 es una realidad ', 'voz de mujer servicios publicos de salud para todas las personas en todos los lugares ', 'voz mujer estamos con ustedes ']"
109,33,109_azucar_bebidas_refrescos_refresco,"['azucar', 'bebidas', 'refrescos', 'refresco', 'consumo', 'azucaradas', 'exceso', 'enfermedad', 'talla', 'calorias']","['el segundo punto es no consumir mucha azucar y harinas refinadas el azucar en exceso ya no alcanza a entrar a las celulas y proporcionar la energia y se queda afuera y al quedarse afuera se elevan los niveles de glucosa y se altera el proceso y aparece la enfermedad ', 'el consumo de bebidas azucaradas impacta en el estado de animo hay picos y caidas de glucosa que provocan primero subida rapida de azucar energia y animo momentaneo sin embargo despues viene una caida posterior fatiga irritabilidad y antojo de otro tipo de alimentos ', 'creo que todos en nuestro pais lo sabemos aunque vale la pena reforzar porque las calorias vacias de las bebidas azucaradas de los refrescos y otro tipo de bebidas son calorias vacias que generan muerte y enfermedad ']"
110,33,110_gracias_muchas_sheinbaum_claudia,"['gracias', 'muchas', 'sheinbaum', 'claudia', 'pardo', 'presidenta', 'cumpliendo', 'agradecer', 'mexico', 'platicamos']","['presidenta de mexico claudia sheinbaum pardo muchas gracias ', 'presidenta de mexico claudia sheinbaum pardo muchas gracias ', 'presidenta de mexico claudia sheinbaum pardo muchas gracias ']"
111,33,111_escuchemos_dirige_estimado_mensaje,"['escuchemos', 'dirige', 'estimado', 'mensaje', 'doctora', 'constitucional', 'moderador', 'publico', 'mexicanos', 'unidos']","['moderador estimado publico escuchemos el mensaje que nos dirige la presidenta constitucional de los estados unidos mexicanos doctora claudia sheinbaum pardo ', 'moderador estimado publico escuchemos el mensaje que nos dirige la presidenta constitucional de los estados unidos mexicanos doctora claudia sheinbaum pardo ', 'moderador estimado publico escuchemos el mensaje que nos dirige la presidenta constitucional de los estados unidos mexicanos doctora claudia sheinbaum pardo ']"
112,33,112_montiel_ariadna_reyes_bienestar,"['montiel', 'ariadna', 'reyes', 'bienestar', 'secretaria', 'gracias', 'buenos', 'permiso', 'companeras', 'balboa']","['secretaria de bienestar ariadna montiel reyes gracias ', 'secretaria del bienestar ariadna montiel reyes gracias ', 'secretaria del bienestar ariadna montiel reyes gracias ']"
113,33,113_agradecemos_diputados_agradecer_federales,"['agradecemos', 'diputados', 'agradecer', 'federales', 'locales', 'federal', 'agradecerle', 'agradecimiento', 'gabinete', 'secretaria']","['desde luego tambien agradecemos a todos nuestros companeros del gobierno federal del gobierno del estado ', 'agradezco a todos los que integran los tres niveles de gobierno a nuestros diputados a nuestros presidentes municipales a nuestros diputados locales federales y senadores y aqui en especial a nuestro gobierno federal y a los que lo integran ', 'asi como tambien quiero agradecer a nuestros diputados a nuestros senadores diputados locales federales ']"
114,33,114_empresarios_empresas_patrocinios_negocio,"['empresarios', 'empresas', 'patrocinios', 'negocio', 'empresa', 'empresarial', 'quiebra', 'publicidad', 'seria', 'mejor']","['posibilitar que hasta 3 por ciento del total del tiempo se pueda usar para publicidad y patrocinios y de nuevo aclarar esto es publicidad y patrocinios locales esto no es que una corporacion pueda transmitir un comercial en esta radio comunitaria es la tienda la comunidad la papeleria en fin no pero que si generan mecanismos de sostenibilidad financiera para que puedan sobrevivir ', 'recuerden que se reunieron los empresarios no solamente el vicepresidente de brasil y relaciones exteriores economia energia sino tambien hubo reunion entre empresarios para ver si puede haber alguna complementariedad ', 'pregunta y la otra sobre lo que preguntaban sobre las empresas para los pequenos empresarios las pymes saber si dentro del plan muchas veces es como muy complicado hacer todos los tramites ante el sat para poderte dar de alta y formalizar tu negocio y poder entrar a estas partes de los creditos y toda esta formalidad que se le pide a una familia ']"
115,32,115_ariadna_montiel_reyes_bienestar,"['ariadna', 'montiel', 'reyes', 'bienestar', 'secretaria', 'christian', 'leslie', 'chris', 'imss', 'garcia']","['la secretaria de bienestar ariadna montiel reyes ', 'la secretaria de bienestar ariadna montiel reyes ', 'la secretaria de bienestar ariadna montiel reyes ']"
116,32,116_discapacidad_apoyo_personas_programas,"['discapacidad', 'apoyo', 'personas', 'programas', 'constitucion', 'continuar', 'jovenes', 'preparatoria', 'fertilizantes', 'becas']","['el apoyo a personas con discapacidad tambien el apoyo a jovenes de preparatoria el apoyo al campo el fertilizantes gratuitos jovenes construyendo el futuro sembrando vida todos son ya programas de bienestar establecidos en la constitucion ', 'el apoyo a las personas con discapacidad ', 'el apoyo a personas con discapacidad ya esta en la constitucion ']"
117,31,117_2025_ingenieria_2027_2026,"['2025', 'ingenieria', '2027', '2026', 'marginales', '40', 'estaremos', 'huejutla', 'ganamos', '2030']","['y finalmente si nos lo permiten queremos seguir difundiendo esta convocatoria 2025 el pasado 27 de enero se emitio ya esta convocatoria para el reclutamiento de residentes esta dirigida tanto a residentes del imss como de otras instituciones que egresan de diferentes institutos de diferentes sedes de formacion tambien de algunas de las que son en instituciones privadas ', 'tambien arrancamos y damos continuidad en la pachuca huejutla tamazunchale a un tramo que es real de monte huasca que se concluye en este mes y tambien arrancamos huejutla hacia tamazunchale durante 2025 son obras que se llevan del orden de dos a tres anos pero estamos iniciando en 2025 ', 'en este sentido los planes de estudio autorizados del 2023 al 2024 y que ya estan funcionando son ingenieria en semiconductores ingenieria ferroviaria ingenieria en inteligencia artificial ingenieria en ciberseguridad ingenieria en ciencia de datos ingenieria en desarrollo de aplicaciones y la licenciatura en medicina veterinaria y zootecnia ']"
118,31,118_bienvenidos_sean_ustedes_todas,"['bienvenidos', 'sean', 'ustedes', 'todas', 'todos', 'antemano', 'placentera', 'diciendole', 'infinitamente', 'contesta']","['todas y todos ustedes sean bienvenidos ', 'todas y todos ustedes sean bienvenidos ', 'todas y todos ustedes sean bienvenidos ']"
119,31,119_consumidor_pagina_internet_revista,"['consumidor', 'pagina', 'internet', 'revista', 'redes', 'sociales', 'canasta', 'nuestras', 'practicas', 'precios']","['nuestras redes sociales la pagina de internet el numero del consumidor ', 'nuestras redes sociales la pagina de internet y el numero del consumidor ', 'nuestras redes sociales la pagina de internet y el numero del consumidor ']"
120,30,120_alfaro_gobernador_municipal_gobernadora,"['alfaro', 'gobernador', 'municipal', 'gobernadora', 'embajadores', 'usted', 'consules', 'rec', 'alcalde', 'querido']","['se le dijo hace poco a la gobernadora asi como estamos usted y yo que este tema no lo han querido atender y resolver se sorprendio al verle yo su cara y yo le quiero pedir a usted que se que hay muy buena relacion y que hay la disposicion de parte de usted que ya se atienda y se resuelva porque no le han querido regresar el dinero que les corresponde ', 'entonces bueno alfaro ha tenido esta el gobernador alfaro ha tenido esta propuesta desde hace tiempo lo planteo en su momento en la conago muchos de nosotros no estuvimos de acuerdo ahora vuelve a hacer este planteamiento pero bueno hay que ver que opina el nuevo gobernador que va a entrar en diciembre no ', 'pregunta presidenta y con respecto al gobernador alfaro todavia no terminaba su administracion alfaro cuando ya habian entrado a ese predio y seguramente el gobernador sabia del tema o hizo caso omiso o quiso tapar el sol con un dedo ']"
121,30,121_ejercito_aerea_guardia_armada,"['ejercito', 'aerea', 'guardia', 'armada', 'fuerza', 'nacional', 'mexicana', 'armadas', 'fuerzas', 'defensa']","['moderadora generales jefes oficiales y personal de tropa pertenecientes al ejercito y fuerza aerea mexicanos ', 'hoy el ejercito la fuerza aerea la guardia nacional son instituciones que sostienen al estado mexicano y son esencia de la soberania nacional ', 'generales almirantes comisarios jefes capitanes inspectores oficiales cadetes personal de tropa marineria y escala basica pertenecientes al ejercito mexicano fuerza aerea mexicana armada de mexico y guardia nacional ']"
122,30,122_rosa_icela_rodriguez_velazquez,"['rosa', 'icela', 'rodriguez', 'velazquez', 'gobernacion', 'licenciada', 'secretaria', 'moderador', 'rectora', 'rosas']","['la secretaria de gobernacion rosa icela rodriguez velazquez ', 'la secretaria de gobernacion rosa icela rodriguez velazquez ', 'la secretaria de gobernacion rosa icela rodriguez velazquez ']"
123,29,123_comunidad_comunidades_asamblea_asambleas,"['comunidad', 'comunidades', 'asamblea', 'asambleas', 'obra', 'inpi', 'comunitaria', 'buena', 'elige', 'indigenas']","[' como se va a ejercer como se ejerce por ejemplo la escuela es nuestra se hace una asamblea de la comunidad la comunidad elige si ya tienen sus propias autoridades se dara a las autoridades y si no el pueblo elige una comision que va a administrar esos recursos ', 'y otra muy importante es que en abril ya inician las asambleas en los pueblos originarios en las comunidades para entregar los recursos que van a todas las comunidades indigenas y afrodescendientes del pais a traves de este recurso del fais de las obras de infraestructura social que antes solamente iban a los estados a los municipios y ahora van directamente a las comunidades ', 'entonces la comunidad se reune en asamblea apoyados por el inpi y la secretaria de bienestar deciden que lo van a ocupar para una obra de agua potable para una obra de pavimentacion para una obra de construccion de una casa de la cultura lo que decida la comunidad en su asamblea ']"
124,29,124_pension_mujeres_60_automatico,"['pension', 'mujeres', '60', 'automatico', 'reconocer', '65', 'adulto', 'pase', 'llegar', 'mexicanas']","['presidenta de mexico claudia sheinbaum pardo ah como no como hay mujer presidenta con a y llegamos todas las mujeres a la presidencia es tiempo de reconocer el trabajo de las mujeres y al llegar a los 60 pension mujeres bienestar y cuando cumplimos 65 pase automatico a la pension adulto mayor por eso es para las mujeres ', 'presidenta de mexico claudia sheinbaum pardo como no llegamos todas las mujeres a la presidencia de la republica y es tiempo de reconocer el trabajo de las mujeres mexicanas por eso al llegar a los 60 pension mujeres bienestar y cuando se cumple 65 pase automatico a la pension para adulto mayor ', 'presidenta de mexico claudia sheinbaum pardo pues como hay mujer presidenta por primera vez vamos a reconocer el trabajo de las mujeres mexicanas y al llegar a los 60 pension mujeres bienestar y despues pase automatico a la pension a adulto mayor a los 65 anos ']"
125,29,125_inversiones_inversion_portafolio_invertir,"['inversiones', 'inversion', 'portafolio', 'invertir', 'preguntamos', 'cuales', 'hablamos', 'empresas', 'dolares', 'relocalizacion']","['se les ha invitado el dia de hoy porque es el polo de desarrollo para el bienestar que tiene o registra el mayor avance de los 15 en cuanto a inversiones ya comprometidas no cartas de intencion sino ya inversiones por realizarse ', 'entonces manana vamos a anunciar tambien otras inversiones vamos a hacer jueves de anuncios de inversiones entonces manana vamos a viene marcelo o si el se tiene que ir a washington viene su equipo a anunciar nuevas inversiones ', 'y estamos tambien con diversas inversiones ']"
126,29,126_beca_reciben_preparatoria_preparatorias,"['beca', 'reciben', 'preparatoria', 'preparatorias', 'recibieron', 'estudiar', 'mil', 'estudiantes', 'escuela', 'jovenes']","['565 mil 516 jovenes de preparatoria reciben su beca por el solo hecho de estudiar en la educacion media superior publica ', 'todos los jovenes que van a preparatoria todos si van a preparatoria publica reciben una beca son 230 mil 521 jovenes adolescentes que reciben su beca ', 'este ano 70 escuelas de preparatorias de media superior recibieron tambien el programa la escuela es nuestra ']"
127,29,127_dialogo_habiendo_vienen_comunicacion,"['dialogo', 'habiendo', 'vienen', 'comunicacion', 'acuerdo', 'dialogando', 'excelencia', 'respetuoso', 'escuchando', 'conversacion']","['entonces lo que destaco es que ha habido dialogo que sigue habiendo dialogo entonces eso es muy importante mas alla de otras evaluaciones yo no entraria a ese tema ', 'entonces repito el dialogo siempre esta abierto y si hay un dialogo respetuoso tambien tiene que haber un dialogo respetuoso pero no puede ser un dialogo de una negociacion de que te quito porque esto ya se trabajo muchisimo no es de ahora vienen algunos desde 2008 o sea estamos hablando de la epoca de calderon incluso algunos de la epoca de pena nieto ni siquiera son del 2018 para aca los 9 casos ', 'entonces por eso tiene que haber dialogo ']"
128,29,128_pobreza_desigualdad_salieron_mexicanas,"['pobreza', 'desigualdad', 'salieron', 'mexicanas', 'inseguridad', 'alimentaria', '2018', 'desigual', 'maxima', 'millones']","[' que quiere decir por que ocurrio como fue que salieron tantos millones de mexicanos y mexicanas de la pobreza ', 'en 6 anos de 2018 a 2024 salieron de la pobreza 13 5 millones de mexicanas y de mexicanas ', 'fijense lo que se logro en 6 anos 13 5 millones de mexicanas y mexicanos salieron de la pobreza todavia tenemos que seguir trabajando porque no queremos no es posible que haya una familia en mexico en pobreza pero es tan importante lo que se logro que en este momento estamos en el nivel mas bajo de porcentaje de poblacion en pobreza de toda la historia de mexico esa es la hazana de la cuarta transformacion de la vida publica ']"
129,29,129_ciento_grados_fracciones_incumplimiento,"['ciento', 'grados', 'fracciones', 'incumplimiento', 'arancelarias', 'entro', '68', 'por', 'arancel', '35']","['me dicen ah pues que quieren que 80 por ciento sea area libre y solamente el 20 por ciento sea ', 'cuando habia examen del comipems en el 2024 solo el 26 por ciento entro a su primera opcion ahora 2025 el 68 4 por ciento entro a su primera opcion ', 'y la otra es se complementa la lista de fracciones arancelarias a las que se aplica 35 por ciento que fue publicada en abril de este ano y ahora hacemos un complemento de 138 fracciones arancelarias que se incluyen en este arancel ']"
130,29,130_reforma_reformas_constitucional_constitucion,"['reforma', 'reformas', 'constitucional', 'constitucion', 'legislativas', 'leyes', 'representaba', 'constitucionales', '107', '105']","['y otras reformas que hubo en la constitucion ', 'y eso sin duda alguna va a ocurrir con la reforma trascendental a los articulos 105 y 107 constitucional cuando ello ocurra que sera en un breve lapso en virtud de que el poder reformador de la constitucion este en la etapa final es decir en la aprobacion por la mayoria de las legislaturas estatales habra de ocurrir en las proximas horas cuando ello suceda y se publique el decreto de reformas en diario oficial esas reformas y adiciones 105 y 107 constitucionales seran parte inseparable de la constitucion seran texto constitucional figuraran como normas interactivas y de cumplimiento absoluta y definitivamente imparable ', 'se valida la reforma constitucional en el congreso tal cual lo dice la constitucion se lo envian al presidente lopez obrador para que lo publique en el diario oficial de la federacion y lo publica el 15 de septiembre del 2024 reforma constitucional publicada en el diario oficial siguiendo todas las reglas establecidas por la constitucion y las leyes ']"
131,28,131_regino_montes_adelfo_indigenas,"['regino', 'montes', 'adelfo', 'indigenas', 'pueblos', 'director', 'instituto', 'moderadora', 'hernandez', 'prieto']","['moderador licenciado adelfo regino montes director general del instituto nacional de los pueblos indigenas ', 'licenciado adelfo regino montes director general del instituto nacional de los pueblos indigenas ', 'moderador el director general del instituto nacional de los pueblos indigenas adelfo regino montes ']"
132,28,132_vivienda_oriente_mejoramiento_viviendas,"['vivienda', 'oriente', 'mejoramiento', 'viviendas', 'mejoramientos', 'programa', 'derecho', 'meta', 'mil', 'zona']","['por ello quiero que sepan que desde el inicio de mi administracion como gobernadora sabia que uno de los retos mas importantes era justamente el tema de vivienda somos el unico estado en todo el pais que cuenta con un plan estatal de vivienda unico en todo mexico este plan estatal de vivienda es un diseno para construir y para desarrollar vivienda social en todo baja california y poder abatir el rezago que existe ', 'en el caso de la conavi nos toca construir 500 mil viviendas nuevas y 300 mil mejoramientos de vivienda esto en el marco del derecho humano a la vivienda que tenemos todas y todos los mexicanos ', 'en el caso de conavi el proximo ano la mayor parte del mejoramiento de vivienda va para el programa del oriente del estado de mexico recuerdan que hemos anunciado ya lo vamos a presentar aqui en cuanto lleguen los nuevos presidentes municipales que entran en enero el programa para la zona oriente del estado de mexico lo que implica es vivienda es agua es drenaje es pavimentacion es escrituracion es mejoramiento de la movilidad es un programa integral para la mejora urbana de esta zona en donde viven mas de 10 millones de habitantes entonces conavi el mejoramiento de vivienda esta concentrado principalmente en esta zona ']"
133,28,133_imagenes_fotografias_fotografia_diapositiva,"['imagenes', 'fotografias', 'fotografia', 'diapositiva', 'fondo', 'lado', 'grafica', 'izquierdo', 'unas', 'viendo']","['el primero lo de la fotografia creo que es muy emblematica ayuda a ejemplificar es una fotografia que observamos pero nuestra mirada ya de manera inmediata la dirigimos a estos caudillos hacia el centro pero dificilmente distinguimos la presencia de las mujeres pero para eso estamos aqui y de esto va a ser un punto fundamental ', 'aqui estamos viendo algunas imagenes ya se fallo el de la glorieta fonatur estamos en preliminares vieron por ahi imagenes de ', 'y siguiendo el camino porque es un terreno rectangular al fondo sigue habiendo banderitas del lado derecho del lado izquierdo del lado derecho del lado izquierdo bastantes determinadas en digamos regadas en este tipo de posiciones de no tocar no pisar ahi pero esto mismo que estoy comentando de la cinta te dirigia casi hasta bueno hasta el fondo no tocando pared pero si hasta el fondo ']"
134,27,134_artificial_inteligencia_digital_agencia,"['artificial', 'inteligencia', 'digital', 'agencia', 'digitalizacion', 'simplificacion', 'digitales', 'gpt', 'chat', 'actas']","['pero en particular el laboratorio nacional de inteligencia artificial lo vamos a presentar pronto ', 'para darnos una idea cuando utilizamos chat gpt cuando utilizamos nuestro celular los vuelos de los aviones el servicio de tu refrigerador bueno si lo tienes conectado a internet todo eso depende de centros de datos como el que ahora nos va a presentar y hace posible que la nueva economia que vamos a vivir estos proximos anos vinculada a inteligencia artificial mexico tenga la carretera necesaria estamos construyendo como la carretera los puentes para que pueda funcionar esa nueva economia ', 'aqui en una ocasion previa yo le pregunte sobre la regulacion de la inteligencia artificial que esta avanzando ya en el congreso y tambien la sep esta planteando que las instituciones de educacion superior incluyan a la inteligencia artificial en sus contenidos y que hagan capacitaciones ']"
135,27,135_pobre_rico_pueblo_pobres,"['pobre', 'rico', 'pueblo', 'pobres', 'principio', 'recurso', 'corrupcion', 'gobernantes', 'haber', 'bien']","['el segundo principio no puede haber gobierno rico con pueblo pobre los gobernantes de la cuarta transformacion honradez y honestidad por encima de todo nada de corrupcion nada de privilegios el dinero del pueblo es el del pueblo de mexico es sagrado ', 'el segundo principio que no se nos puede olvidar no puede haber gobierno rico con pueblo pobre es decir el recurso del pueblo es del pueblo y los gobernantes en la justa mediania nada de corrupcion nada de privilegios en los gobernantes el recurso del pueblo es del pueblo de mexico ', ' que significa eso que los gobernantes tenemos que dedicarnos a regresarle al pueblo el recurso que es del pueblo nunca mas gobiernos de la corrupcion nunca mas gobiernos de los privilegios el recurso que pagamos los mexicanos y mexicanas con nuestros impuestos se les regresa al pueblo de mexico porque asi debe de ser porque por el bien de todos primero los pobres y porque no puede haber gobierno rico con pueblo pobre ']"
136,27,136_bien_pardo_bertha_sheinbaum,"['bien', 'pardo', 'bertha', 'sheinbaum', 'claudia', 'mexico', 'caracteriza', 'presidenta', 'muy', 'bueno']","['presidenta de mexico claudia sheinbaum pardo bien ', 'presidenta de mexico claudia sheinbaum pardo muy bien ', 'bertha gomez ella es la de los dineros en el gobierno es una mujer honesta se caracteriza por algo la conozco desde hace demasiados anos no voy a decir cuantos cuando fui secretaria de medio ambiente cuando el presidente lopez obrador fue jefe de gobierno de la ciudad de mexico tuve el privilegio de ser secretaria de medio ambiente y bertha me acompano desde entonces desde el ano 2000 pero nos conociamos desde antes o sea que ya pueden sumarle y tiene la caracteristica de honestidad y honradez y de mucha eficiencia y amor por la gente eso es lo que caracteriza a nuestro gobierno gracias bertha ']"
137,27,137_doctora_bienvenida_recibimos_nuestra,"['doctora', 'bienvenida', 'recibimos', 'nuestra', 'acompanarnos', 'querida', 'gusto', 'presidenta', 'sheinbaum', 'contentos']","['saludo y doy la bienvenida a tabasco a la presidenta de mexico a la doctora claudia sheinbaum pardo bienvenida presidenta esta es su casa ', 'estamos muy contentos de recibir hoy aqui en nuestra tierra y en nuestra agua a una tabasquena de conviccion y corazon a nuestra querida presidenta de mexico la doctora claudia sheinbaum pardo nos llena de orgullo que este nuevamente aqui con nosotros en el eden de mexico donde se le quiere se le reconoce su arduo trabajo por el bienestar de nuestro pueblo ', 'gobernadora estado de mexico delfina gomez alvarez muy bien yo creo que muy contentos y ante todo muy agradecidos por la presencia de nuestra querida presidenta de la republica la doctora claudia sheinbaum pardo ']"
138,26,138_presupuesto_pardo_sheinbaum_claudia,"['presupuesto', 'pardo', 'sheinbaum', 'claudia', 'esperense', 'egresos', 'creditos', 'ano', 'presupuestal', 'presidenta']","['presidenta de mexico claudia sheinbaum pardo a ver el tema de los prestamos que dio el fondo monetario internacional y el banco mundial el propio banco interamericano de desarrollo pero principalmente el fmi a mexico en la epoca del periodo neoliberal es que estaban condicionados ', 'presidenta de mexico claudia sheinbaum pardo bueno eso es lo que es el presupuesto de egresos de la federacion que ya fue presentado y aprobado ', 'presidenta de mexico claudia sheinbaum pardo si quieren cuando venga edgar lo platica es parte del presupuesto de egresos de la federacion se presenta cada ano el presupuesto de egresos de la federacion con lo que corresponde al pago del entonces fobaproa hoy ipab que son fondos ']"
139,26,139_empleos_indirectos_directos_cifra,"['empleos', 'indirectos', 'directos', 'cifra', 'empleo', 'mil', 'millones', 'puestos', 'permanentes', 'creado']","['se van a generar mil 518 empleos directos y 8 mil 255 empleos indirectos ', 'ademas del beneficio para las familias para las personas que va a producir este noble programa mas de 9 6 millones de empleos directos y 14 4 millones de empleos indirectos ', 'serian 70 mil empleos en este primer paquete 70 mil empleos directos y 140 mil empleos indirectos ']"
140,25,140_agradecer_agradezco_quiero_traer,"['agradecer', 'agradezco', 'quiero', 'traer', 'respaldo', 'incansable', 'insisto', 'pueblo', 'representan', 'apoyo']","['y finalmente le quiero agradecer a la senora presidenta porque precisamente el proyecto de mexicana lo incluyo dentro de sus 100 compromisos como el pilar para el segundo piso de esta cuarta transformacion ', 'le quiero agradecer por su apoyo para iniciar con el renacimiento maya que nos comprometimos con los yucatecos que no solo transformara nuestra infraestructura y conectividad sino que tambien esta disenado para crear un desarrollo mas justo para el pueblo de yucatan para que haya una verdadera igualdad de oportunidades gracias presidenta por creer que este proyecto puede ser posible ', 'aprovechamos finalmente para agradecer y reconocer a todas las personas servidoras publicas que participan en estas acciones de atencion a las causas por ejemplo a los servidores de la nacion a medicos enfermeras personal de las secretarias que son muchas no las voy a mencionar algunas la secretaria de bienestar de educacion de trabajo economia salud agradecer su entrega y entusiasmo y compromiso a favor del pueblo de mexico ']"
141,25,141_importante_muy_interesante_toni,"['importante', 'muy', 'interesante', 'toni', 'requeririan', 'esto', 'factureras', 'fortalecerlo', 'explicas', 'es']","['pregunta bueno eso es muy importante cual es la valoracion que hace de esta encuesta a nivel mundial tambien es muy importante ', 'entonces eso es algo muy importante muy importante ', 'entonces es una inversion muy importante ']"
142,25,142_pardo_sheinbaum_claudia_si,"['pardo', 'sheinbaum', 'claudia', 'si', 'presidenta', 'mexico', 'zosimo', 'coatzacoalcos', '37', 'alma']","['presidenta de mexico claudia sheinbaum pardo si ', 'presidenta de mexico claudia sheinbaum pardo si ', 'presidenta de mexico claudia sheinbaum pardo si ']"
143,24,143_aca_mananeras_vamos_pardo,"['aca', 'mananeras', 'vamos', 'pardo', 'sheinbaum', 'claudia', 'mexicanoestadounidenses', 'parece', 'luego', 'ir']","['presidenta de mexico claudia sheinbaum pardo a ver aca y luego vamos para aca ', 'presidenta de mexico claudia sheinbaum pardo bueno a ver vamos por aca ', 'presidenta de mexico claudia sheinbaum pardo ya vamos a ver ']"
144,24,144_soy_ama_comico_abuela,"['soy', 'ama', 'comico', 'abuela', 'casa', 'preguntaron', 'presidencia', 'palacio', 'llego', 'mama']","[' y saben que le conteste pues a mucho orgullo soy ama de casa soy abuela soy mama soy ama de casa y soy comandanta suprema de las fuerzas armadas como la ve ', ' y saben que le conteste pues a mucho orgullo soy ama de casa soy abuela soy mama soy ama de casa y soy comandanta suprema de las fuerzas armadas ', 'fijense cuando entre al gobierno a palacio nacional un comico quiso hacerse muy chistosito y dijo llego una ama de casa a palacio nacional como si eso nos fuera a ofender pues dije a mucha honra soy ama de casa soy mama soy abuela soy ama de casa y soy presidenta de la republica y a mucha honra ']"
145,24,145_social_seguro_trabajadores_imss,"['social', 'seguro', 'trabajadores', 'imss', 'salario', 'seguridad', 'plataforma', 'equivalentes', 'minimo', 'institucion']","['y el imss bienestar para todos los que no tengan seguridad social ', 'para septiembre el numero de trabajadores afiliados al seguro social alcanzo la cifra de 22 5 millones en junio de este ano entro en vigor la reciente reforma laboral bajo la cual todos los trabajadores de plataformas digitales deben tener seguro social ', 'despues el issste el issste es una institucion de seguridad social que atiende a todos los que somos trabajadores del estado todos los que trabajamos en los gobiernos municipales estatales y federal estamos afiliados al seguro social y ademas de lo que representa toda la seguridad social es quien se encarga de brindar la atencion a la salud ']"
146,24,146_agrario_edna_rangel_vega,"['agrario', 'edna', 'rangel', 'vega', 'urbano', 'territorial', 'elena', 'desarrollo', 'secretaria', 'leonel']","['la secretaria de desarrollo agrario territorial y urbano edna elena vega rangel ', 'la secretaria de desarrollo agrario territorial y urbano edna elena vega rangel ', 'la secretaria de desarrollo agrario territorial y urbano edna elena vega rangel ']"
147,24,147_representantes_asimismo_damos_siguen,"['representantes', 'asimismo', 'damos', 'siguen', 'bienvenida', 'redes', 'medios', 'sociales', 'comunicacion', 'traves']","['asimismo damos la bienvenida a los representantes de los medios de comunicacion y a quienes nos siguen a traves de las redes sociales ', 'asimismo damos la bienvenida a los representantes de los medios de comunicacion y a quienes nos siguen a traves de las redes sociales ', 'asimismo damos la bienvenida a los representantes de los medios de comunicacion y a quienes nos siguen a traves de las redes sociales ']"
148,24,148_petroleos_petroleo_padilla_pemex,"['petroleos', 'petroleo', 'padilla', 'pemex', 'exdirector', 'victor', 'pep', 'mexicanos', 'rodriguez', '262']","['director general de petroleos mexicanos pemex victor rodriguez padilla en diciembre digo en enero en enero ', 'director general de petroleos mexicanos victor rodriguez padilla con su permiso doctora claudia sheinbaum pardo ', 'director general de petroleos mexicanos pemex victor rodriguez padilla en los proximos dias porque eso es muy rapido tambien']"
149,23,149_informe_congreso_comision_dimos,"['informe', 'congreso', 'comision', 'dimos', 'union', '1o', 'decreto', 'expertos', 'septiembre', 'aprobo']","['todos los anos los presidentes en este caso la presidenta tenemos que rendir cuentas al pueblo dar nuestro informe asi lo establece la constitucion de la republica dice que todos los 1o de septiembre tenemos que dar un informe al congreso y tambien un informe al pueblo de mexico ', 'la constitucion establece que debemos dar el informe los presidentes en este caso la presidenta cada 1o de septiembre asi lo hicimos la secretaria de gobernacion entrego al congreso de la union el informe de 11 meses de gobierno y en palacio nacional hicimos un resumen de los avances en estos meses pero decidi ahora ir a cada estado de la republica a dar el informe a cada entidad ', 'asi que este 1o de septiembre pasado dimos nuestro informe entregamos el informe general al congreso de la union como lo establece la constitucion y las leyes y desde palacio nacional dimos nuestro informe al pueblo de mexico ']"
150,23,150_partidos_partido_politicos_politico,"['partidos', 'partido', 'politicos', 'politico', 'eleccion', 'financiamiento', 'ine', 'formar', 'apoyandola', 'elecciones']","['entonces a ver no va a haber financiamiento a partidos politicos toda esa parte de una eleccion normal no viene ', 'ya los detalles del 27 ya les corresponde a morena definir sus alianzas y al partido verde y al partido del trabajo y tambien a los otros partidos politicos ', 'ahora no participan los participan los partidos politicos en esta eleccion es una eleccion de personas los partidos politicos esta prohibido que participen ']"
151,23,151_cultural_pueblos_originarios_civilizaciones,"['cultural', 'pueblos', 'originarios', 'civilizaciones', 'cultura', 'indigenas', 'riqueza', 'grandeza', 'origen', 'espanoles']","['uno los pueblos originarios los pueblos indigenas que es la fortaleza cultural de mexico no solamente de las grandes civilizaciones que formaron lo que hoy llamamos mexico en este territorio sino los indigenas de hoy las poblaciones afromexicanas tambien ', 'un pilar que viene de la fortaleza cultural de nuestro pais que radica en los pueblos originarios no hay otro pais en el mundo con esta riqueza cultural somos una potencia cultural que viene de mucho antes de que llegaran los espanoles a nuestro pais y de ahi viene la riqueza y la fuerza cultural de las familias mexicanas ', 'uno los pueblos originarios los pueblos indigenas y los pueblos afromexicanos los pueblos originarios que viven hasta la fecha representan el sustento de mexico mucho antes de que llegaran los espanoles grandes civilizaciones como pocas en el mundo que permitieron conocer los astros con sus propias culturas sus propias organizaciones sociales sus propias matematicas civilizaciones y culturas que nos hacen a todas y a todos ser mexicanos y que de ahi parte una base fundamental de la grandeza cultural de mexico que es lo que vive en el corazon de los mexicanos ']"
152,22,152_adelante_pardo_dale_sheinbaum,"['adelante', 'pardo', 'dale', 'sheinbaum', 'claudia', 'mexico', 'presidenta', 'acercara', 'avanzando', 'libia']","['presidenta de mexico claudia sheinbaum pardo adelante ', 'presidenta de mexico claudia sheinbaum pardo adelante ', 'presidenta de mexico claudia sheinbaum pardo adelante ']"
153,22,153_gusto_estar_da_ustedes,"['gusto', 'estar', 'da', 'ustedes', 'mucho', 'me', 'dio', 'contenta', 'muy', 'afable']","['bueno me da mucho gusto estar aqui ', 'me da mucho gusto estar con ustedes ', 'me da mucho gusto estar con ustedes ']"
154,22,154_cerramos_timbre_cerrando_cerrar,"['cerramos', 'timbre', 'cerrando', 'cerrar', 'pardo', 'reyna', 'cancelacion', 'sheinbaum', 'claudia', 'terminar']","['presidenta de mexico claudia sheinbaum pardo ya cerramos ', 'presidenta de mexico claudia sheinbaum pardo ya cerramos ', 'presidenta de mexico claudia sheinbaum pardo bueno cerramos ']"
155,22,155_tiendas_productor_productos_autoservicio,"['tiendas', 'productor', 'productos', 'autoservicio', 'consumidor', 'cadena', 'comprador', 'superissste', 'beneficie', 'ventas']","['alimentacion para el bienestar tambien esta trabajando porque las tiendas diconsa se van a convertir en tiendas del bienestar ', 'luego 20 fortalecer las tiendas que tiene superissste aqui quiero decirles que en el lapso que nos ha tocado ahora ya las tiendas superissste mejoraron ventas en un 33 por ciento y le vamos a incorporar perecederos otros productos basicos a bajo costo incorporar proveedores locales y el mantenimiento integral de los establecimientos eso es en las tiendas que tiene actualmente el issste ', 'las tiendas del bienestar tienen el objetivo primero de dar productos a bajo costo pero segundo de generar un mercado directo entre el productor y el consumidor a traves de estas tiendas y particularmente los pequenos productores es algo que se perdio porque las tiendas diconsa ya vendian muchos productos que se pueden encontrar tambien en un supermercado a mas bajo costo y pueden seguirlo haciendo pero queremos recuperar la idea original que beneficie al pequeno productor y que beneficie al consumidor y tambien a traves de alimentacion saludable ']"
156,22,156_elorza_vasquez_angel_infodemia,"['elorza', 'vasquez', 'angel', 'infodemia', 'miguel', 'coordinador', 'subdirectora', 'aurora', 'correa', 'diana']","['coordinador de infodemia miguel angel elorza vasquez muchas gracias presidenta ', 'coordinador de infodemia miguel angel elorza vasquez muchas gracias presidenta ', 'coordinador de infodemia miguel angel elorza vasquez muchas gracias presidenta ']"
157,22,157_enfermedades_diabetes_glucosa_hipertension,"['enfermedades', 'diabetes', 'glucosa', 'hipertension', 'glicosilada', 'hemoglobina', 'muertes', 'mellitus', 'arterial', 'insulina']","['ahora por que es importante porque es un programa fundamentalmente de tipo preventivo tenemos muchas enfermedades cronicas tenemos muchas enfermedades cronicas como diabetes hipertension arterial dano renal y en la medida que la poblacion va envejeciendo se hace mucho mas susceptible de presentar esas complicaciones ', 'por eso esos anos de vida saludable a la hora de revisarlos cuales son las principales enfermedades que reducen no la vida pero si en muchos casos esos anos de vida saludable y son los enemigos y los sospechosos de siempre diabetes hipertension obesidad casi el 14 por ciento de toda la carga de perdida de anos de vida saludable tienen que ver con estas enfermedades enfermedades del corazon enfermedad renal cronica y tambien desde luego algunos tipos de enfermedades transmisibles ', 'dentro de unos momentos el maestro zoe robledo les presentara algunos de los equipos que nos permiten precisamente avanzar en la deteccion y seguimiento de los parametros bioquimicos como son la hemoglobina glicosilada no no mas medir la glucosa sino medir este metodo de hemoglobina glicosilada permite saber se hace cada 3 meses pero permite saber como han estado los niveles de glucosa durante ese tiempo y si se tiene o no un control adecuado ']"
158,22,158_tarjeta_tarjetas_banco_credito,"['tarjeta', 'tarjetas', 'banco', 'credito', 'les', 'telefono', 'remesa', 'guardo', 'compraba', 'folio']","['lo guardo porque les voy a decir por que lo guardo es como un carino ese numero de telefono porque ese numero de telefono me lo regalo layda sansores en el movimiento de las adelitas en 2008 porque yo usaba un telefono que compraba credito yo trabajaba en la unam entonces y compraba a credito y se me acaba el credito bueno era ya saben como recarga se me acababa el credito y luego no me podian llamar por telefono ', 'entonces no podriamos en el momento que llegan darles la tarjeta del banco con el nombre entonces les da un papel de que su tramite esta hecho y ya se les dice de acuerdo a su lugar a donde van a ir a donde pueden ir a recoger ya su tarjeta del bienestar ', 'con esa carta en los centros de atencion tienen atencion inmediata se les registra se les da un papel y despues pueden ir al banco de bienestar que les quede mas cerca de su casa por la tarjeta porque las tarjetas del banco de bienestar con excepcion de la tarjeta que se les da de apoyo de 2 mil pesos para cualquier gasto que tengan adicional al transporte porque el transporte lo vamos a proveer el principal que esas no tienen nombre digamos ']"
159,21,159_muchas_gracias_todas_todos,"['muchas', 'gracias', 'todas', 'todos', 'agradecerles', 'quiero', 'yo', '', '', '']","['muchas gracias a todas y a todos ', 'muchas gracias a todas y a todos ', 'muchas gracias a todas y a todos ']"
160,21,160_news_veracruz_imagen_lajud,"['news', 'veracruz', 'imagen', 'lajud', 'olga', 'istmo', 'olvera', 'ojeda', 'corresponsal', 'periodico']","['soy marco antonio olvera del periodico digital hidalgo news y del canal de youtube mexico news world ', 'pregunta gracias presidenta buenos dias secretario buenos dias a los companeros soy marco antonio olvera del periodico digital hidalgo news y del canal de youtube mexico news world ', 'pregunta muchas gracias presidenta olga ojeda lajud corresponsal del periodico imagen de veracruz y diario del istmo ']"
161,21,161_opinion_comentario_respecto_acerca,"['opinion', 'comentario', 'respecto', 'acerca', 'preguntarle', 'merece', 'esto', 'bombardeo', 'su', 'pakistan']","['pregunta alguna opinion al respecto ', 'es preguntarle su opinion sobre esto ', 'preguntarle su opinion al respecto ']"
162,21,162_citlalli_mora_hernandez_secretaria,"['citlalli', 'mora', 'hernandez', 'secretaria', 'mujeres', 'permiso', 'minerva', 'tardes', 'ciudadana', 'buenas']","['la secretaria de las mujeres citlalli hernandez mora ', 'la secretaria de las mujeres citlalli hernandez mora ', 'la secretaria de las mujeres citlalli hernandez mora ']"
163,21,163_universidad_castellanos_rosario_universidades,"['universidad', 'castellanos', 'rosario', 'universidades', 'autonoma', 'inaugurar', 'campus', 'plantel', 'logico', 'nacional']","['y tambien estamos definiendo el municipio en donde vamos a construir la universidad nacional rosario castellanos a partir del proximo ano ', 'entonces estamos haciendo este mapa para las universidades en donde hay mas en donde hay menos y ahi en donde hay menos estamos definiendo a partir de algunos criterios si entra una universidad benito juarez una universidad rosario castellanos un tecnologico y tambien hablando con las universidades publicas para ver si tienen capacidades ', 'y la otra es la universidad nacional rosario castellanos que es una nueva universidad que hice cuando fui parte o cuando fui jefade gobierno en la ciudad de mexico creamos esta universidad hoy 70 mil jovenes asisten a esta universidad y ya no es solo de la ciudad de mexico sino que la convertimos en la universidad nacional rosario castellanos y vamos a poner un campus aqui en tlaxcala y vamos a iniciar el proximo ano ']"
164,21,164_ciudad_queretaro_guanajuato_estado,"['ciudad', 'queretaro', 'guanajuato', 'estado', 'pachuca', 'coahuila', 'tienda', 'jalisco', 'campeche', 'nezahualcoyotl']","['50 este tambien va para la maestra delfina es que nos pidieron mucho en el estado de mexico en la zona oriente del estado de mexico se llevara a cabo un proyecto sin precedentes les voy a decir por que en la zona oriente del estado de mexico estamos hablando de ecatepec chalco valle de chalco chimalhuacan texcoco los reyes la paz ixtapaluca chicoloapan y ciudad nezahualcoyotl viven mas de 10 millones de personas e historicamente hay un rezago de acceso al agua de drenaje de vivienda de movilidad asi que vamos a ir para alla lo que les vamos a pedir es que nos juntemos todos los presidentes municipales el gobierno del estado y el gobierno federal para hacer justicia al oriente del estado de mexico ', 'en un modelo de operacion mixto que no existia con entidades federativas se abriran tiendas en tijuana en el cecut en guadalajara en el centro de la capital de jalisco en un edificio llamado arroniz en yucatan y chiapas en los respectivos catvis de chichen itza y de palenque y hace unas semanas tambien el dia de la artesana y el artesano adelantamos la primera tienda de fonart cosa increible que ha habido en quintana roo la tienda esta en tulum en el parque del jaguar ', 'y decirles que aqui esta desplegado el calendario en donde vamos a tener en sonora en chiapas en tabasco en nuevo leon en baja california en el estado de mexico en puebla en guanajuato en morelos en coahuila en guanajuato en jalisco en aguascalientes en colima en fin en todas las entidades federativas practicamente vamos a estar desarrollando ferias a lo largo del mes de mayo en tanto que vamos a hacer esta gran jornada hacia el mes de junio ']"
165,21,165_perdon_pardo_sheinbaum_claudia,"['perdon', 'pardo', 'sheinbaum', 'claudia', 'presidenta', 'mexico', 'disculpa', 'declaro', 'yaqui', 'planes']","['presidenta de mexico claudia sheinbaum pardo perdon ', 'presidenta de mexico claudia sheinbaum pardo perdon ', 'presidenta de mexico claudia sheinbaum pardo perdon ']"
166,21,166_guadarrama_batres_marti_prevision,"['guadarrama', 'batres', 'marti', 'prevision', 'social', 'bolanos', 'issste', 'marath', 'trabajadores', 'instituto']","['director general del instituto de seguridad social al servicio de los trabajadores del estado issste marti batres guadarrama inaudible ', 'director general del instituto de seguridad social al servicio de los trabajadores del estado issste marti batres guadarrama buenos dias presidenta ', 'director general del instituto de seguridad social al servicio de los trabajadores del estado issste marti batres guadarrama asi es ']"
167,20,167_medios_publicos_noticias_prensa,"['medios', 'publicos', 'noticias', 'prensa', 'mananera', 'comunicacion', 'rigor', 'noticia', 'periodistico', 'semanas']","['estamos revisando para que no vuelva a haber este retraso pero ademas estamos revisando todo lo que tiene que ver con los recursos publicos a los medios publicos y la contratacion de todos aquellos que trabajan en los medios publicos para que sea de una mejor manera ', 'hace poco se dio a conocer una noticia que deberia de haber estado semanas en las primeras planas en las noticias de la radio de la television pero no en los medios no les importan estas noticias tan importantes o algunos medios ', 'y en los medios publicos estan trabajando los medios publicos digamos nacionales o los del gobierno federal para hacer una red de medios publicos nacional que permita tambien juntar recursos para poder fortalecer los noticieros fortalecer o sea la parte informativa la parte de debate y tambien la parte de produccion que tambien tiene que tener una vision distinta ']"
168,20,168_telecomunicaciones_articulo_ley_109,"['telecomunicaciones', 'articulo', 'ley', '109', 'publicacion', 'censura', 'eliminar', 'radiodifusion', 'estrictamente', 'canal']","['pregunta si le parece vamos con este tema de la ley de telecomunicaciones y radiodifusion que en primer lugar me gustaria decir que se ha hablado mucho de si es una ley censura o que si es una ley regresiva y demas ', 'tercero el articulo 109 que causo cierto malentendido polemica esto era un articulo pensado para acompanar un articulo que ya existe hoy en la ley del iva que es el 18 h para plataformas de venta de bienes pero bueno para que no haya ningun espacio a duda y como lo menciono la presidenta aqui no hay censura al contrario una ley que promueve conectividad que promueve que mas personas puedan usar datos y manifestar sus ideas y usar redes sociales es una ley que claramente va en el sentido contrario ', 'titular de la agencia de transformacion digital y telecomunicaciones jose antonio pena merino nunca fue una ley censura el articulo 109 que hablaba de apagar plataformas estaba referido a un articulo de la ley del iva era un tema estrictamente fiscal no era un tema de que opinion manifiesta alguien en una red social ']"
169,20,169_proyectos_guaymas_menciono_obras,"['proyectos', 'guaymas', 'menciono', 'obras', 'ejecutivos', 'manejo', 'trabajando', 'detalle', 'seguir', 'ingenieria']","['ellos cuando vieron escucharon todo lo que se esta diciendo aqui sobre guaymas lo que se esta planteando y bueno dicen nosotros tenemos un interes muy definido para participar en estos proyectos de ampliacion y manejo justamente de lo que es la infraestructura portuaria incluso con el tema del manejo de contenedores lo que tiene que ver con la carga especializada en mineria y otros aspectos ', 'presidenta en una segunda pregunta preguntarle sobre los proyectos que usted menciono en en hay varios proyectos que menciono en sus compromisos que si tiene estimaciones de los montos para estas obras por ejemplo la carretera a guaymas chihuahua que menciono el puerto de guaymas ', 'efrain nos va a presentar las obras de conagua para este ano y para el sexenio hay algunos proyectos que estamos evaluando adicionalmente pero es una inversion muy importante y que se esta avanzando mas rapido en los proyectos ejecutivos para poder salir a licitacion lo mas pronto posible nos los va a presentar ']"
170,20,170_acuerdo_acuerdos_firmar_suba,"['acuerdo', 'acuerdos', 'firmar', 'suba', 'canasta', 'ratificacion', 'firmado', 'basica', 'canada', 'habia']","['dijo que habia esperado un acuerdo que incluyera la energia nuclear y los minerales criticos entre otras areas a dos audiencias distintas les dijo cual es su lado de la historia cual es su version de la historia ', 'este es un acuerdo binacional muy importante porque lo que hizo fue consolidar nuestra cooperacion entre epa y semarnat nos vamos a ver con mayor frecuencia logramos un gran entendimiento reafirmar y acelerar los compromisos del acta 328 del cila y por supuesto nosotros le apostamos a la planta de tijuana ', 'uno yo quiero ratificar el acuerdo que se habia firmado con empresarios particularmente productores de harina de maiz algunos productores tambien principales de alimentacion y los comercializadores de la canasta basica para que podamos firmar un acuerdo para que no suba la canasta basica entonces ese es un acuerdo que quisiera firmar y estamos ya hablando con ellos el secretario de hacienda rogelio ramirez de la o ya habia contactado a muchos de ellos que habian firmado y nuestro objetivo es que este mes a mas tardar pudieramos firmar ese acuerdo para seguir garantizando que no suba la canasta basica ']"
171,20,171_leticia_gubernamentales_amaya_asuntos,"['leticia', 'gubernamentales', 'amaya', 'asuntos', 'coordinadora', 'ramirez', 'maestra', 'general', 'coordinara', 'leti']","['la coordinadora de asuntos gubernamentales leticia ramirez amaya ', 'la coordinadora de asuntos gubernamentales leticia ramirez amaya ', 'la coordinadora de asuntos gubernamentales leticia ramirez amaya ']"
172,19,172_parque_parques_calakmul_azcapotzalco,"['parque', 'parques', 'calakmul', 'azcapotzalco', 'espacios', 'naturales', 'protegida', 'protegidas', 'espacio', 'recreativos']","['por otro lado quienes han estado consultando tienen dudas principalmente vecinas vecinos con los que tambien nos sentamos a hablar jovenes publico familias incluso promotores y gente que realiza actividades culturales en el espacio si el parque volvera a tener eventos privados gratuitos o simplemente hay mucha duda de como vamos a operar este parque ', 'tambien se construye muy importante un parque lineal cuando estaba en la linea anterior el derecho de via permitia un espacio publico de 4 mil metros cuadrados al generarse ese espacio con el viaducto se liberan 80 mil metros cuadrados y por instrucciones de nuestra senora presidenta se construye un parque lineal que va a permitir el convivio de las familias espacios recreativos y deportivos ', 'en la plancha este parque es un parque urbano se encuentra en merida yucatan el corazon de merida se llama la plancha porque esta ubicado en lo que fue la estacion central de ferrocarriles de merida es un espacio muy grande cuenta con 2 hectareas apoya para la convivencia social a traves de experiencias eventos recreativos eventos culturales tenemos un museo ahi tambien que se llama el ferrocarril nos lleva a la cuestion historica del tren y es un centro por excelencia de concentracion para la cultura el deporte y la gastronomia de la region ']"
173,19,173_licitacion_claves_marzo_partir,"['licitacion', 'claves', 'marzo', 'partir', 'compra', 'licitaciones', 'fallo', '1o', 'enero', 'adelantadas']","['en resumen en terminos de los procesos de licitacion tambien en este caso estamos ya en la segunda junta de aclaraciones contestando las preguntas esto nos da que estamos en proceso de licitacion de alrededor de 250 kilometros ya que se haran con empresas constructoras una vez que sea adjudicado el fallo ', 'y a partir de esto que no podamos y si todavia existen claves pendientes estaremos haciendo una segunda vuelta de una licitacion publica para esas claves pendientes todo manteniendo las fechas de entrega a partir del 1o de marzo ', 'las caracteristicas de la licitacion y las fechas como les comentaba son iguales que en el otro tramo la publicacion de la convocatoria el 20 de mayo la publicacion propiamente de la licitacion ya con todo el procedimiento donde participan los oferentes es a partir de la primera semana de junio para tener el fallo de inicio de los trabajos en la cuarta semana de julio ']"
174,19,174_dos_temas_segundo_cosas,"['dos', 'temas', 'segundo', 'cosas', 'concluiria', 'pasar', 'irnos', 'hermosillo', 'segunda', 'concluimos']","['bueno en eso concluiria yo solamente decir respecto al programa que vamos a tener dos etapas ', 'bueno yo diria dos cosas brevemente sobre esa posibilidad ', 'el dia de hoy vamos a presentar dos temas ']"
175,19,175_mentiras_detector_mentira_cerrar,"['mentiras', 'detector', 'mentira', 'cerrar', 'tras', 'cerramos', 'vamos', 'miercoles', 'falso', 'manana']","['bueno vamos a cerrar ya con detector de mentiras ', 'hoy nos toca el detector de mentiras vamos a cerrar con el detector de mentiras ', 'vamos con el detector de mentiras ']"
176,19,176_harfuch_omar_ciudadana_garcia,"['harfuch', 'omar', 'ciudadana', 'garcia', 'proteccion', 'seguridad', 'secretario', 'prioritarios', 'envio', 'refiere']","['secretario de seguridad y proteccion ciudadana omar garcia harfuch con su permiso presidenta buenos dias ', 'secretario de seguridad y proteccion ciudadana omar garcia harfuch con su permiso ', 'secretario de seguridad y proteccion ciudadana omar garcia harfuch muy buenos dias ']"
177,19,177_psiquiatras_mil_encuentros_lugar,"['psiquiatras', 'mil', 'encuentros', 'lugar', '14', 'mexicanas', '10', 'segundo', 'veracruz', '2023']","['el 42 por ciento de casos confirmados corresponden a jalisco veracruz guerrero y morelos en el 2023 cerrara con 56 mil 333 y en el 2034 en la semana 46 iba en 126 mil 931 es un gran incremento en un ano ', 'ahora esto se ha reducido de manera muy significativa son alrededor llegaron a ser 13 mil encuentros en diciembre del 2023 y ahora estamos en 400 encuentros es decir personas que quieren entrar a los estados unidos y que son detenidas por cbp y regresadas a mexico la mayoria de ellos personas que no son mexicanas ', 'y en contraparte solamente se contabilizaron en mexico 4 mil 393 psiquiatras con una tasa estimada de 3 68 por cada 100 mil habitantes es decir que menos de 5 mil psiquiatras atienden a casi 25 millones de mexicanas y mexicanos que padecen algun tipo de trastorno mental ']"
178,19,178_gracias_todas_todos_muchas,"['gracias', 'todas', 'todos', 'muchas', 'enhorabuena', 'vemos', 'sueno', 'istmo', 'participen', 'esperamos']","['gracias a todas y a todos ', 'gracias a todos y a todas ', 'gracias a todas y a todos ']"
179,18,179_teocalli_piedra_monumento_sagrada,"['teocalli', 'piedra', 'monumento', 'sagrada', 'arqueologica', 'museo', 'moctezuma', 'pilares', '1325', 'guerra']","['este basamento se eleva en circulos concentricos hacia la replica historica del teocalli de la guerra sagrada en cuya cara posterior se registra en piedra un aguila sobre un nopal y el glifo tlachinolli eje del monumento orientado de oriente a poniente ', 'el gran teocalli de la guerra tiene un significado fundamental si tiene en la parte superior la fecha equivalente a 1325 esta es una pieza que se encontro en los anos 20 cuando se estaba construyendo el tercer piso de este palacio nacional en la torre que da a corregidora y zocalo y en esa piedra que corresponde a la epoca de moctezuma xocoyotzin es decir moctezuma ii esta la fecha 1307 que es una atadura de anos lo cual quiere decir que moctezuma ofrendo esa piedra como el gobierno de la ciudad esta ofrendando en esta ocasion el memorial de siete siglos de legado de grandeza de nuestros pueblos originarios ', 'entonces espero que nos puedan acompanar el proximo dia 26 de julio donde tambien se va a mostrar un monumento conmemorativo alusivo a esta fecha fundacional donde desde luego se plasmara el teocalli de la guerra sagrada que es el monumento mexica donde tenemos la certeza de la hierofania y la fecha en el ano 2 casa de 1325 ']"
180,18,180_unidos_estados_armas_minas,"['unidos', 'estados', 'armas', 'minas', 'lado', 'unidas', 'conjunta', 'naciones', 'seria', 'convivan']","['hablamos ahi en ese acuerdo de que tiene que hacer el gobierno de estados unidos lo necesario para evitar que las armas pasen de estados unidos a mexico ', 'y al gobierno de los estados unidos decirle siempre que estados unidos no seria lo que es si no fuera por las y los trabajadores mexicanos que trabajan del otro lado de la frontera ', 'mexico peleo al lado de estados unidos en la segunda guerra mundial no solo con los aviadores de la fuerza aerea del escuadron 201 sino tambien enviando al pais vecino trabajadores llamados braceros que contribuyeron a garantizar la produccion de alimentos y materias primas ']"
181,18,181_gobernacion_solicitarle_preguntarle_si,"['gobernacion', 'solicitarle', 'preguntarle', 'si', 'secretaria', 'informacion', 'tema', 'habia', 'gira', 'notificarle']","['presidenta en otro tema preguntarle si ya tiene algun reporte actualizado sobre la redada que hubo ayer en california en el sur de california en una granja que la secretaria de relaciones exteriores mencionaba que ya habia entrado en operacion un sistema para dar atencion ', 'pregunta y ellos ayer lo comentaba porque dijo que se iba a reunir con la secretaria de hacienda y justo el almirante para ver esto simplemente porque quedan que seran 26 dias escasos y para saber porque ellos hace unos dias se reunieron algunos lideres empresariales en coparmex concanaco servytur para revisar este asunto para el tema de estos ajustes de los 42 dolares o sea si si entra o no esa es la pregunta la confirmacion si si porque al final es su inquietud ', 'sobre el tema puntualmente solicitarle presidenta si es posible que la conagua informe sobre los avances de esta presa obra cuando va a llegar el agua a san luis potosi y si ahora que vea al gobernador del estado tambien solicitarle si pudiera dar mas detalles sobre el tema pues el mismo habia prometido en campana que en 24 horas repararia el tema o solucionaria el tema lleva tres anos y eso no ha sucedido presidenta ']"
182,18,182_energia_escobar_elena_luz,"['energia', 'escobar', 'elena', 'luz', 'gonzalez', 'secretaria', 'calleja', 'emilia', 'electricidad', 'energetica']","['secretaria de energia luz elena gonzalez escobar para inversion ', 'la secretaria de energia luz elena gonzalez escobar ', 'la secretaria de energia luz elena gonzalez escobar ']"
183,18,183_playa_playas_bacalar_carmen,"['playa', 'playas', 'bacalar', 'carmen', 'tulum', 'isla', 'mar', 'cuidar', 'lagunas', 'noches']","['y del tren nos trasladamos de tulum a bacalar y podemos disfrutar de la laguna de bacalar practicamente todo el dia el fuerte de san felipe el pueblo magico de bacalar y una serie de atractivos que se tienen en esa zona para en la noche salir de la estacion bacalar a la estacion calakmul ahi nos vamos a trasladar hasta llegar al gran hotel el hotel del calakmul que se encuentra precisamente en esa zona arqueologica impresionante ', 'para lograr el ordenamiento de playas y la zona federal maritima fonatur establecio un mecanismo de dialogo con comerciantes prestadores de servicio y permisionarios en las playas asimismo ya realizo fonatur un registro de todas las personas que realizan actividad comercial en la playa son mas poco mas de 2 mil 807 con los que se esta construyendo un acuerdo para el ordenamiento y uso sostenible de la playa ', 'si a lo mejor playa del carmen que ahi tiene su casa nos podria informar por ejemplo en playa del carmen hay una necesidad importante ahorita por ejemplo con la cfe porque playa del carmen ha crecido muchisimo en poco tiempo y las colonias digamos nuevas han ido aumentando la demanda de luz y han provocado de alguna manera bueno alguna falta de electricidad en algunas de las zonas mas populares de playa del carmen saber los proyectos y en este caso especifico de la luz si es posible que cfe cheque esta parte de playa del carmen porque luego los calores estan muy fuertes por ahi ']"
184,18,184_luminarias_cine_luz_minerales,"['luminarias', 'cine', 'luz', 'minerales', 'iluminar', 'iluminacion', 'calles', 'mineria', 'minas', 'usar']","[' que mas iluminar las calles pero no solamente arreglar las luminarias sino meterle tanta luz que parece que uno camina de dia aunque es de noche muchisima luz ', 'como ejemplos por ejemplo con equipamiento de salas se esta por equipar el cine morelos con este equipamiento se redignifica un espacio historico y se le da una nueva vida un espacio ademas que es la unica alternativa en morelos en cuanto a programacion de cine o espacios itinerantes de cine como compartimiento cinematografico en guanajuato o como el cine movil pantera en mixi foro en hidalgo ', 'y algo muy importante es un diseno arquitectonico que cuida todo el tiempo tener en el centro del cuidado a las ninas y a los ninos con mayor seguridad y una identidad propia esquinas con curvatura en todo el edificio rodapie para permitir vistas a escala infantil ventanas amplias en los salones para mayor iluminacion y luz natural accesos transparentes que favorecen la luz la vigilancia y las fachadas ademas de que con esto se incrementa la seguridad y se reducen los costos de la construccion y el metraje de areas que no eran utilizadas ']"
185,18,185_gracias_muchas_meras_muchisimas,"['gracias', 'muchas', 'meras', 'muchisimas', 'soledad', 'doctor', 'salud', 'nuestros', 'integran', 'hospital']","['y desde luego quisiera agradecer mucho a los que sostienen esta enorme transformacion del sector salud a nuestras medicas a nuestros enfermeros a nuestros promotores a nuestros choferes muchas gracias companeras y companeros ', 'y sin duda alguna y sin de verdad tener alguna objecion indudablemente todos los que integran el sector salud mi reconocimiento y admiracion por todo el trabajo a todos los que integran esta brigada y esta estrategia un aplauso para todos ustedes integrantes de salud muchisimas gracias ', 'antes que nada quiero darle las gracias por lo que le solicite del traslado de esta chica que estuvo muy grave en el hospital de leon la trasladaron al hospital siglo xxi del imss donde esta siendo muy bien atendida ella sigue luchando por su vida y tambien quiero darle las gracias en especial al doctor juan jose flores quien ha dado todas las atenciones en todo momento a esta persona muchas gracias doctora ']"
186,17,186_ganado_aretes_carne_activos,"['ganado', 'aretes', 'carne', 'activos', 'ganaderos', 'ganaderia', 'creci', 'cabezas', 'pollo', 'exportacion']","['por ejemplo en el tema de agricultura o agropecuario particularmente lo que tiene que ver con el tomate y con el ganado y el cruce de ganado de mexico a estados unidos ', 'bueno evidentemente el lunes fue un dia importante para la ganaderia en general pero importante para sonora en lo particular es el primer estado que logra la reapertura de lo que es la exportacion de ganado en pie a los estados unidos se hace esto a traves de la estacion cuarentenaria de agua prieta con destino a douglas fueron 882 cabezas de ganado el dia lunes a partir de ayer martes ya se dio el flujo total de mil 300 cabezas que va a ser un flujo diario ', 'tambien de la los animales los bovinos para poderse mover tienen un arete de identificacion para hacer la trazabilidad tambien habia una situacion muy oscura un mercado negro de venta de aretes que iba directo a sus aretes mal comprados iban a chiapas para facilitar el movimiento de ganado irregular ya el gobierno federal a traves de senasica tiene control de los aretes en chiapas entonces eso va a cerrar este mercado ilegal mercado negro de aretes ']"
187,17,187_guardia_nacional_elementos_fuerzas,"['guardia', 'nacional', 'elementos', 'fuerzas', 'patrullas', 'desplegados', 'armadas', 'institucion', 'ejercito', 'defensa']","['sabemos que ya hay ese programa en muchos vehiculos o patrullas federales de la guardia nacional y me gustaria en ese sentido preguntarle que opina de acelerar o extender el programa ya no solamente a las patrullas o a las unidades sino tambien a los elementos de la guardia nacional y de seguridad tanto de la marina como de la sedena ', 'moderador de conformidad con lo establecido en el articulo 113 del reglamento de la ley de la guardia nacional se hara entrega de condecoraciones menciones honorificas y distinciones a elementos de la guardia nacional que se destacaron por su heroismo capacidad profesional servicios a la patria y hechos meritorios ', 'yo quiero para finalizar dirigirme a ustedes los que forman parte de estas instituciones a las y los policias municipales a las y los policias estatales a la guardia nacional a todos los elementos de la guardia nacional de las fuerzas armadas ']"
188,17,188_traicionar_nunca_robamos_mentimos,"['traicionar', 'nunca', 'robamos', 'mentimos', 'pueblo', 'principios', 'traicionamos', 'nosotros', 'traicionado', 'robar']","['y el compromiso que hacemos con ustedes es que nosotros no mentimos no robamos y nunca vamos a traicionar al pueblo de guerrero ni al pueblo de mexico ', 'y nosotros no olvidamos nunca nuestros principios nosotros no mentimos no robamos y nunca vamos a traicionar al pueblo de hidalgo ni al pueblo de mexico ', 'nosotros no mentimos no robamos y nunca vamos a traicionar al pueblo de mexico ']"
189,17,189_inversion_mil_millones_2025,"['inversion', 'mil', 'millones', '2025', 'dolares', 'creditos', 'directa', 'extranjera', 'oriente', 'ahorros']","['la confianza internacional en mexico se reflejo en los flujos de inversion extranjera directa durante 2024 se captaron 36 mil 872 millones de dolares lo que represento un incremento de 2 3 por ciento respecto al ano anterior y constituyo un nuevo nivel record ', 'como resultado de esta vision compartida hoy queremos anunciar que en el 2025 realizaremos la mayor inversion anual en la historia de mercado libre en mexico 3 mil 400 millones de dolares que se ejecutaran senora presidenta tan solo en este ano 2025 y esta inversion esta destinada a fortalecer nuestro ecosistema tecnologico logistico y financiero asi como la generacion de nuevos empleos a lo largo de este ano ', 'segundo trimestre de cada ano de inversion extranjera directa 2025 historica la inversion extranjera directa en mexico ni los aranceles pudieron con la economia mexicana son 34 mil 265 millones de dolares 2025 superan los 31 mil 96 del 2024 que ya habia sido record y es practicamente mas del doble del 2017 ']"
190,17,190_buenos_dias_todas_todos,"['buenos', 'dias', 'todas', 'todos', 'buen', 'hola', 'casas', 'dia', 'lugares', 'pregunta']","['buenos dias a todos a todas ', 'buenos dias a todas y a todos ', 'buenos dias a todos y a todas ']"
191,17,191_delfina_alvarez_gomez_gobernadora,"['delfina', 'alvarez', 'gomez', 'gobernadora', 'maestra', 'constitucional', 'estado', 'mensaje', 'procedemos', 'acompanan']","['por supuesto a la maestra delfina gomez alvarez gobernadora constitucional del estado de mexico ', 'la gobernadora constitucional del estado de mexico delfina gomez alvarez ', 'maestra delfina gomez alvarez gobernadora constitucional del estado de mexico ']"
192,17,192_buenos_heineken_bonaclocha_oriol,"['buenos', 'heineken', 'bonaclocha', 'oriol', 'dias', 'buenas', 'tardes', 'pardo', 'ceo', 'sheinbaum']","['presidenta de mexico claudia sheinbaum pardo buenos dias a todos a todas ', 'presidenta de mexico claudia sheinbaum pardo muy buenos dias a todos a todas ', 'presidenta de mexico claudia sheinbaum pardo muy buenos dias a todas y a todos ']"
193,17,193_guanajuato_aguascalientes_estuvimos_queretaro,"['guanajuato', 'aguascalientes', 'estuvimos', 'queretaro', 'corriendo', 'viernes', 'recepcion', 'zacatecas', 'aclarar', 'celaya']","['estuvimos el viernes en guanajuato en aguascalientes y en zacatecas ', 'bueno este viernes vamos a guanajuato al ratito terminamos y nos vamos corriendo a guanajuato bueno no corriendo verdad en avion a guanajuato vamos a aguascalientes y a zacatecas hoy ', 'el dia de manana por ejemplo viene la gobernadora de guanajuato al gabinete de seguridad es de otro partido politico pero eso no quiere decir que no nos coordinemos para la seguridad de los habitantes de guanajuato y es necesario de hecho ya estan en celaya en leon hay una estrategia desde antes y cuando llegamos la reforzamos en particular en celaya y en leon guanajuato en salamanca tambien entonces trabajando ahi viene la gobernadora y vamos a hay que entrar pues a pacificar y a poner orden en guanajuato ']"
194,17,194_flores_contralinea_buenos_nancy,"['flores', 'contralinea', 'buenos', 'nancy', 'centinela', 'dias', 'revista', 'ramon', 'informa', 'joanna']","['pregunta gracias presidenta buenos dias nancy flores de la revista contralinea buenos dias a todas y a todos ', 'pregunta gracias presidenta buenos dias buenos dias a todas y a todos nancy flores de la revista contralinea ', 'pregunta gracias presidenta buenos dias nancy flores de la revista contralinea buenos dias a todas y a todos ']"
195,17,195_torres_rosas_carlos_coordinador,"['torres', 'rosas', 'carlos', 'coordinador', 'programas', 'bienestar', 'general', 'cancerologia', 'integrales', 'operado']","['el coordinador general de programas para el bienestar carlos torres rosas ', 'el coordinador general de programas para el bienestar carlos torres rosas ', 'el coordinador general de programas para el bienestar carlos torres rosas ']"
196,17,196_alimentacion_autosuficiencia_alimentaria_albores,"['alimentacion', 'autosuficiencia', 'alimentaria', 'albores', 'luisa', 'gonzalez', 'maria', 'alimentos', 'contribuye', 'consumimos']","['titular de alimentacion para el bienestar maria luisa albores gonzalez gracias con su permiso presidenta ', 'titular de alimentacion para el bienestar maria luisa albores gonzalez muchas gracias ', 'titular de alimentacion para el bienestar maria luisa albores gonzalez si ']"
197,17,197_pregunta_otro_tema_puedo,"['pregunta', 'otro', 'tema', 'puedo', 'pasando', 'leanle', 'ponle', 'primerita', 'pt', 'respecta']","['pregunta pasando a otro tema ', 'pregunta y con el tema de ', ' pero ponle la pregunta la primera pregunta la primerita grafica es que no viene la pregunta ahi a ver leanle la pregunta que dice exactamente es que en la otra lamina en la primera ahi viene tal cual que preguntaron ']"
198,16,198_cadetes_militar_colegio_heroico,"['cadetes', 'militar', 'colegio', 'heroico', 'desfile', 'salva', 'heroica', 'heroes', 'chapultepec', 'fusileria']","['y siempre hay que pensar ayer que veiamos a jovencitos porque son a los 18 anos entran en este caso ayer a la heroica escuela naval militar pero cuando entran los cadetes del colegio militar o a la guardia nacional o a la propia secretaria de seguridad la decision que toma una persona un joven al ser parte de la marina del ejercito de la secretaria de policias es la entrega personal para salvaguardar la vida de los demas y eso es un acto heroico ', 'moderadora a continuacion una compania de cadetes del heroico colegio militar realizara una salva de fusileria para honrar la memoria de los ninos heroes que ofrendaron su vida en defensa de la patria ', 'moderador normalmente una salva de fusileria es ejecutada por una compania de cadetes pero en esta ocasion fue realizada con precision y marcialidad por todo el cuerpo de cadetes del heroico colegio militar integrado por 24 companias de jovenes cadetes para honrar el legado de patriotismo y valentia de los heroes de 1847 y 1914 ']"
199,16,199_israel_palestina_vallarta_gaza,"['israel', 'palestina', 'vallarta', 'gaza', 'genocidio', 'aldave', 'libano', 'hamas', 'israeli', 'desproporcionada']","['pregunta presidenta buenos dias israel aldave de grupo formula ', 'nada mas su reaccion el dia de ayer el presidente donald trump llamo al cese de ataques entre israel e iran celebro este acuerdo que se habia propuesto y despues presuntamente israel denuncio que habian sido atacados ', 'y luego en relacion a palestina muy importante mexico ademas se sumo a una peticion que hizo chile a la corte penal internacional porque el tema es que israel en este o sea es verdad que hamas ataco a israel el 7 de octubre pero tambien es verdad que la respuesta de israel ha sido desproporcionada y no solamente desproporcionada sino que ha afectado a miles de civiles y ya no solamente en gaza en palestina en su conjunto y ahora esta pasando a libano entonces realmente hay una enorme preocupacion ']"
200,16,200_tabasco_nicotina_tabaco_may,"['tabasco', 'nicotina', 'tabaco', 'may', 'pulmon', 'arrancando', 'enteramos', 'javier', 'gobernador', 'reforzamiento']","['vamos a regresar pronto no crean que nos vamos de tabasco tan facilmente dicen que vamos a tabasco pues tabasco es un eden ', 'cuando digamos el numero de homicidios en tabasco era bajo hasta cierta fecha ha de haber sido 21 22 que entra el gobernador merino a tabasco que se viene una ola de mas violencia en tabasco se remueve a esta persona y se integra un nuevo gabinete y a partir de ahi empiezan muchas investigaciones ', ' que mas vamos a hacer en tabasco ']"
201,16,201_agrupamiento_ingenieros_angeles_felipe,"['agrupamiento', 'ingenieros', 'angeles', 'felipe', 'vallejo', 'suarez', 'ingeniero', 'comandante', 'gustavo', 'ricardo']","['comandante del agrupamiento de ingenieros felipe angeles ricardo vallejo suarez con su permiso presidenta ', 'general gustavo vallejo suarez comandante del agrupamiento de ingenieros felipe angeles muchas gracias ', 'comandante del agrupamiento de ingenieros felipe angeles gustavo ricardo vallejo suarez es cuanto presidenta ']"
202,16,202_hogar_quienes_casa_comida,"['hogar', 'quienes', 'casa', 'comida', 'somos', 'pendientes', 'cuida', 'levantada', 'ropa', 'lavar']","['presidenta de mexico claudia sheinbaum pardo quienes somos las que estamos pendientes de la casa ', 'presidenta de mexico claudia sheinbaum pardo quienes somos las que nos hemos dedicado al cuidado del hogar a estar pendientes de la casa del hogar que este todo listo quienes ', 'presidenta de mexico claudia sheinbaum pardo quienes somos las que estamos pendientes del hogar siempre ']"
203,16,203_maridos_cuidamos_quienes_hasta,"['maridos', 'cuidamos', 'quienes', 'hasta', 'nietos', 'hijo', 'mamas', 'papas', 'pardo', 'sheinbaum']","['presidenta de mexico claudia sheinbaum pardo quienes cuidamos hasta a los maridos ', 'presidenta de mexico claudia sheinbaum pardo quienes cuidamos hasta de los maridos ', 'presidenta de mexico claudia sheinbaum pardo quienes cuidamos hasta de los maridos ']"
204,16,204_permiso_senora_tengo_calzado,"['permiso', 'senora', 'tengo', 'calzado', 'senor', 'ramos', 'pedido', 'norberto', 'compensatorias', 'reconocerte']","['con su permiso senora presidenta ', 'con permiso senora nuestra presidenta ', 'ramos senor presidente ramos tengo permiso o no claro que si si tengo porque si tengo porque tengo necesidad de trabajar yo no quiero que me den varilla ni cemento ni un apoyo tampoco para comer mas que la senora presidenta nada mas a ella se lo acepto como ven nomas a ella porque despues de mi madre es mi reina si senor ']"
205,16,205_banco_inflacion_economicos_nota,"['banco', 'inflacion', 'economicos', 'nota', 'ido', 'calificadoras', 'recesion', 'razonable', 'ayudado', 'economica']","['en materia economica se mantendra la autonomia del banco de mexico una politica fiscal responsable una proporcion razonable entre deuda y producto interno bruto ', 'ademas del control de la inflacion ha ayudado mucho y del banco de mexico por supuesto ha ayudado mucho este acuerdo voluntario que se ha tomado entre productores y comercializadores del paquete contra la inflacion y la carestia que se ha ido actualizando semestre con semestre ', 'una de las principales funciones del banco de mexico es esta contener la inflacion entonces habla de que el banco de mexico ha estado actuando bien y que hay una politica economica monetaria financiera responsable ']"
206,16,206_directores_trabajadores_registran_delegado,"['directores', 'trabajadores', 'registran', 'delegado', 'tomaria', 'aplican', 'petroleros', 'decidan', 'contratar', 'he']","['director general del instituto del fondo nacional de la vivienda para los trabajadores infonavit octavio romero oropeza o no porque nos parece bastante raro yo en mi vida he visto que una empresa pueda firmar no he visto que una empresa moral pueda firmar de esta manera firman los representantes los directores ', 'interlocutor en ultimo tema si usted me permite en el sindicato de trabajadores petroleros tienen una puerta de eleccion para elegir a su dirigente a nivel nacional estan teniendo algunos conflictos internos en donde tambien se esta disputando la secretaria que tomaria el cargo de secretaria que tomaria una mujer por primera vez en la historia petrolera y estan pidiendo su intervencion a traves de trabajo digo de la secretaria del trabajo para que usted intervenga porque supuestamente no quieren dejar llevar a uno de los lideres de manera democratica e intervienen tambien en la eleccion a esta secretaria estan pidiendo su intervencion a traves de la secretaria del trabajo ', 'entonces realmente desde esa epoca los funcionarios o mandos medios que hablamos desde enlace jefes de departamento hasta subdirectores o hasta directores de area puede ser de concurso hasta directores generales hay excepciones pero no han tenido ese servicio de carrera de crecer dentro de la administracion publica realmente no se ha dado eso son practicamente los siete subsistemas que existen dentro de la ley no se aplican lo unico que aplican es el de separacion del servidor publico pero lo han hecho ya de una forma que ya le encontraron como que el candidato a la ley para poder sacar a la gente del gobierno sin que les aplique la ley del servicio profesional de carrera ']"
207,16,207_cafe_chocolate_queso_miel,"['cafe', 'chocolate', 'queso', 'miel', 'tiendas', 'soluble', 'vender', 'productores', 'procesamiento', 'precio']","[' y que propiedades tiene nuestro cafe ', 'en esas tiendas que vamos a mejorar para que tengan precios adecuados para todos y para todas fijense lo que vamos a hacer por ejemplo en la produccion de cafe se va a acopiar el cafe se va a transformar y se va a producir cafe soluble para el bienestar que se va a vender en las tiendas del bienestar ', 'y tambien el cafe del bienestar que va a adquirir cafe a precio justo a las distintas comunidades que producen cafe y tiene una parte de procesamiento tambien incluso para que haya un sustituto del cafe soluble que normalmente se vende y que puede ser un cafe que garantiza que viene del cafe que se va a vender en las tiendas del bienestar ya va muy muy avanzado si ']"
208,16,208_libertad_expresion_libertades_corridos,"['libertad', 'expresion', 'libertades', 'corridos', 'manifestacion', 'calumnias', 'normalizado', 'minimas', 'discutia', 'discute']","['pregunta usted esta a favor de la libertad de expresion ', 'no hay libertad libertad total ', 'entonces eso es libertad de expresion ']"
209,16,209_artistico_arte_culturas_cultural,"['artistico', 'arte', 'culturas', 'cultural', 'pensaba', 'etnograficas', 'monsivais', 'rompe', 'vivas', 'popular']","[' sabian ustedes que carlos monsivais fue un pionero en el estudio de la cultura popular asi es nuestras fiestas los movimientos surgidos del pueblo el arte y entretenimiento popular pasaron desapercibidos para muchisimos intelectuales del siglo pasado pero no para el ojo atento critico y genuinamente humoristico de carlos monsivais ', 'entonces se rompe un paradigma este museo se pensaba en que era el pasado ahora es el presente es el futuro de nuestro pais son las culturas vivas que van a estar en el segundo piso en el segundo piso de la transformacion como mencionaba diego en la manana ', 'esta exposicion ademas rompe con muchos paradigmas como lo hablabamos con diego antes o en los 60 cuando se inauguraron las salas etnograficas se pensaba que estas culturas estaban por desaparecer incluso se pensaba que la evolucion natural era que desaparecieran y lo que habia que hacer era o resguardar y dejar vestigios para en algun futuro hablar de ellos ']"
210,16,210_jefa_molina_brugada_clara,"['jefa', 'molina', 'brugada', 'clara', 'ciudad', 'fui', 'gobierno', 'arbol', 'metrobus', 'presidentes']","['jefa de gobierno de la ciudad de mexico clara marina brugada molina estamos justamente en ello ', 'la jefa de gobierno de la ciudad de mexico clara brugada molina ', 'la jefa de gobierno de la ciudad de mexico clara brugada molina ']"
211,16,211_casaubon_ebrard_marcelo_economia,"['casaubon', 'ebrard', 'marcelo', 'economia', 'secretario', 'permiso', 'portafolio', 'montiel', 'reyes', 'ariadna']","['secretario de economia marcelo ebrard casaubon si ', 'secretario de economia marcelo ebrard casaubon con su permiso presidenta ', 'secretario de economia marcelo ebrard casaubon con su permiso presidenta ']"
212,16,212_detector_mentiras_video_proyeccion,"['detector', 'mentiras', 'video', 'proyeccion', 'seccion', 'veamos', 'semana', 'escribir', 'detectar', 'colores']","[' proyeccion de video de la seccion detector de mentiras ', ' proyeccion de video de la seccion detector de mentiras ', ' proyeccion de video de la seccion detector de mentiras ']"
213,15,213_gobierno_hombro_conocemos_innumerables,"['gobierno', 'hombro', 'conocemos', 'innumerables', 'subgobernadoras', 'catastrofes', 'reafirmarle', 'procrear', 'diaspora', 'omares']","['le propongo una creacion de una mesa binacional permanente entre el gobierno de mexico y los lideres de la diaspora para procrear soluciones con justicia fiscal vision compartida y soberania economica aqui y alla ', 'presidenta el gobierno mexicano a traves de la cancilleria dispone del acceso del fondo central de emergencias de naciones unidas y el fondo fiduciario para el alivio de catastrofes ', 'para el caso particular del estado de yucatan por instrucciones de la presidenta de la republica se han llevado a cabo innumerables reuniones de trabajo para armonizar los alcances de este proyecto prioritario del gobierno de mexico con el proyecto renacimiento maya que ha emprendido el gobierno de esta entidad federativa ']"
214,15,214_bancaria_bancos_fobaproa_bancario,"['bancaria', 'bancos', 'fobaproa', 'bancario', 'valores', 'banco', 'intervenia', 'rescata', 'bancarias', 'alimentar']","['y despues de eso se decide rescatar a los bancos por parte de zedillo de una manera totalmente oscura con el llamado con el fobaproa ahora el ipab y nunca se rescata a los deudores a los verdaderos deudores que hubo muchisimas movilizaciones entonces se rescata a los de arriba y nunca a los de abajo porque como decia el presidente lopez obrador a eso no le llaman rescate le llaman populismo ', 'pregunta el gobierno federal y el gremio bancario firmaran un convenio en mayo proximo en el marco de la convencion bancaria a realizarse en puerto vallarta para mejorar y simplificar el acceso a financiamiento a pymes por ejemplo se buscara que el portafolios de financiamiento a pymes crezca 3 5 por ciento anual porque los bancos no estan prestando lo suficiente y tienen la obligacion de hacerlo ', 'esta no era la funcion la funcion del fobaproa era una especie de seguro para proteger el ahorro bancario cuando un banco entraba en dificultades la comision nacional bancaria intervenia intervenia el banco y entonces lo podia sanear utilizando las cuotas pagadas por los bancos al fobaproa y cubriendo por lo tanto determinados quebrantos aunque no habia un techo como despues se puso de todas maneras eso estaba en dependencia de la politica de la propia autoridad del pais empezaron a dar ']"
215,15,215_nacimos_legado_grandeza_antepasados,"['nacimos', 'legado', 'grandeza', 'antepasados', 'espanoles', 'civilizaciones', 'llegada', 'imaginaban', 'maledicencia', 'herederas']","['y nacimos con legado de grandeza', 'y nacimos con legado de grandeza ', 'y nacimos con legado de grandeza']"
216,15,216_apoyarlos_claro_pequenos_protejamos,"['apoyarlos', 'claro', 'pequenos', 'protejamos', 'contactes', 'vacacionar', 'amiguitos', 'expreses', 'fovissste', 'defendimos']","['puede estar segura que acorde con sus instrucciones continuaremos atendiendo cualquier contingencia que se presente y aportando a la nacion en la construccion de vias ferreas carreteras hospitales y todo tipo de obra que contribuyan al progreso del pais ', 'y mire nos acabamos de encontrar aqui a estos amiguitos que se que nos va a apoyar mucho en esta estrategia y que le mandan un saludo presidenta estos pequenos que aqui estan y que estan elaborados por nuestro personal docente y por nuestros pequenos y padres de familia ', 'por eso te invito a que contactes a tus representantes y expreses este desacuerdo es momento de defender el bienestar economico de nuestras comunidades alcemos la voz y protejamos lo que hemos construido con tanto esfuerzo ']"
217,15,217_chihuahua_sequia_huasteca_yucatan,"['chihuahua', 'sequia', 'huasteca', 'yucatan', 'coahuila', 'norte', 'fuertes', 'aguascalientes', 'distritos', 'palomita']","['chihuahua tambien tiene en el ultimo mes o sea el mes de septiembre se estan incrementando un poco los homicidios entonces cuando vemos eso llamamos al gobernador al presidente municipal no solamente es en ciudad juarez tambien en chihuahua ha aumentado pero en este caso nos concentramos en el norte de chihuahua en ciudad juarez ', 'le sigue chihuahua con 7 4 ', 'chihuahua con 6 6 por ciento ']"
218,15,218_opcion_delictivo_jovenes_causas,"['opcion', 'delictivo', 'jovenes', 'causas', 'violencia', 'joven', 'vida', 'delito', 'atender', 'muerte']","['el objetivo es atender las causas como se han atendido que ningun joven tenga que acercarse a la violencia a un acto delictivo que sepan que esa no es una perspectiva de vida siempre sera una perspectiva de muerte de abandono la violencia nunca lleva a ningun lado ', 'entonces este programa que presentamos ahora de fortalecimiento de las preparatorias de las preparatorias tecnicas del bachillerato tiene que ver con eso con atender las causas evitar que un joven piense que entrar a un grupo delictivo es una opcion lo unico que es eso es una opcion de muerte no es una opcion de vida ', ' que quiere decir eso que no queremos que nunca un joven se acerque a un grupo delictivo nunca que nunca vean en un grupo delictivo en la violencia una opcion de vida porque no es una opcion de vida es una opcion de muerte ']"
219,15,219_colaboracion_soberanias_coordinacion_respeto,"['colaboracion', 'soberanias', 'coordinacion', 'respeto', 'nuestras', 'alianzas', 'marco', 'naciones', 'cooperacion', 'intensificar']","['conversamos sobre la importancia de una colaboracion estrecha tambien en materia de seguridad con pleno respeto a nuestras soberanias pero con una colaboracion en distintas areas que nos permite enfrentar puntos desafios de la region ', 'y el planteamiento es la coordinacion la colaboracion en el ambito del respeto mutuo y el respeto a nuestras soberanias ', 'entonces es una estrategia integral y en esta estrategia hay colaboracion toda la vida ha habido con el presidente lopez obrador tambien habia coordinacion de alto nivel con respeto a nuestras soberanias con el gobierno de estados unidos ']"
220,15,220_incautacion_estan_pardo_sheinbaum,"['incautacion', 'estan', 'pardo', 'sheinbaum', 'claudia', 'comenzando', 'problema', 'anam', 'retirados', 'elementos']","['presidenta de mexico claudia sheinbaum pardo como estan ', 'presidenta de mexico claudia sheinbaum pardo como estan ', 'presidenta de mexico claudia sheinbaum pardo ha habido tambien una parte muy importante de incautacion de armas asi como hay incautacion de droga como hay destruccion de laboratorios de metanfetaminas permanentemente y ha crecido de manera importante esta la incautacion de armas ']"
221,15,221_aplauso_fuerte_levantense_reconocimiento,"['aplauso', 'fuerte', 'levantense', 'reconocimiento', 'felicitacion', 'duda', 'pie', 'tributan', 'ganarlo', 'campeones']","['un aplauso a todos ellos ', 'pero sin duda alguna alguien a quien de verdad un aplauso muy fuerte un reconocimiento son a nuestros beneficiarios a todos ustedes ', 'y sin duda alguna un aplauso tambien para nuestros companeros que se dedican a la obra nuestros queridos albaniles y a todos los que hacen obra un aplauso muy fuerte hoy es si dia y hay que de verdad mandarles un abrazo y un reconocimiento muy fuerte ']"
222,15,222_bots_redes_cuentas_sociales,"['bots', 'redes', 'cuentas', 'sociales', 'robots', 'hashtag', 'red', 'tendencia', 'campanas', 'coinciden']","['el problema de esta particularmente esta red social es que se ha cargado mucho con cuentas falsas con bots con troles que estan vinculadas muchas veces a campanas negras particularmente contra personalidades o contra gobiernos ', 'veamos las cuentas que coinciden con el apoyo al prian de 33 mil 533 cuentas que usaron de nueva cuenta el hashtag narcoexpresidenteamlo 72 71 por ciento es decir 24 mil 427 cuentas coinciden en al menos una etiqueta en apoyo al prian de nueva cuenta queda explicito como se reactivan estas cuentas robots ', 'lo que mas llama la atencion en este tema es este linchamiento que han querido hacer contra gerardo mediatico y en redes lleno de bots asi pero ayer me estaban ensenando creo que 90 por ciento de la tendencia ahi que suben en la red x son bots ']"
223,15,223_clasismo_racismo_discriminacion_machismo,"['clasismo', 'racismo', 'discriminacion', 'machismo', 'diez', 'representacion', 'libertad', 'minorias', 'condenamos', 'independencia']","['cinco respetaremos y garantizaremos la diversidad religiosa politica social cultural y sexual de nuestra sociedad combatiremos cualquier forma de discriminacion no al racismo no al clasismo y no al machismo ', 'diez condenamos el clasismo el racismo el machismo y cualquier forma de discriminacion no es solo un asunto de tolerancia es el reconocimiento de que la profundizacion de las desigualdades llevara siempre a la injusticia la fraternidad significa vernos a los ojos como iguales ', 'diez condenamos el clasismo el racismo el machismo y cualquier forma de discriminacion ']"
224,15,224_deporte_actividades_disciplina_herramienta,"['deporte', 'actividades', 'disciplina', 'herramienta', 'juventud', 'cultura', 'jovenes', 'futbol', 'abrazamos', 'deportivas']","['esta accion tiene como objetivo canalizar las energias de nuestra juventud hacia el deporte la cultura y la participacion comunitaria como herramientas de desarrollo integral mas alla de una simple clase de boxeo representa un ejercicio de concientizacion social que envia un mensaje claro y directo el futuro de nuestra juventud esta en la disciplina en la salud en los valores que transmite el deporte a la vida y no en las adicciones y mucho menos en las redes delictivas ', 'como sabemos el deporte es una herramienta de transformacion social que debemos profundizar para el pueblo de mexico la ninez la juventud y sobre todo ejercer ese cambio social que tanto requiere mexico y sembrar la semilla de la paz por medio de la disciplina y los valores que implican el deporte ', 'la direccion nacional de promocion al deporte arte y bienestar asume el compromiso del segundo piso de la transformacion para convertir al deporte en una herramienta de bienestar y a edificar comunidades mas fuertes seguras y unidas promoviendo una vida activa y saludable atendiendo las causas mas profundas de la violencia ofreciendo a nuestras ninas a nuestros ninos y a nuestros jovenes de todo el pais nuevos horizontes de vida y oportunidades mediante el deporte ']"
225,14,225_indigena_indigenas_aniversario_amealco,"['indigena', 'indigenas', 'aniversario', 'amealco', 'mujeres', 'mujer', 'colon', 'artes', 'dia', 'medir']","['entonces acaba de ser su aniversario antier el 60 aniversario luctuoso y la familia pide a lo mejor algo muy hacia las nubes pero siempre es bueno expresarlo que se pudiera declarar el dia de luz jimenez el dia de su aniversario como un simbolo del recuerdo de estas mujeres que ancestralmente que lucharon y estuvieron ahi como en el olvido ', 'en teatro disenamos que al inicio de las obras en mas de mil intervenciones performaticas van a haber introducciones en cada una de las funciones con temas relacionados a la condicion de la mujer indigena la diversidad linguistica de nuestro pais y en esta primera etapa tambien estan invitadas por ejemplo petrona de la cruz de oaxaca alicia gregorio tambien de oaxaca pero de michoacan esta rubi tsunda marina carrillo diaz de nayarit entre otras entonces a lo largo del ano queremos visibilizar la creacion de estas mujeres aprovechando que tenemos mas de mil funciones en los distintos teatros ', 'y cambiamos tambien o aprovechamos el movimiento que se hizo de la estatua de colon para su restauracion para que el colon se fuera a otro espacio ahi estuvo jose alfonso de manera muy importante y ahi despues hubo un tema de a quien se dedicaba y habia grupos que hablaban de las mujeres en lucha pero no por ello nosotros dijimos aqui tiene que haber una mujer indigena porque son simbolos o es un simbolo del descubrimiento de america y lo reconoces no america fue descubierta para los europeos pero lo que hoy llamamos mexico tenia culturas milenarias ']"
226,14,226_justicia_pueblo_arbitros_detiene,"['justicia', 'pueblo', 'arbitros', 'detiene', 'unos', 'sueno', 'cuantos', 'elige', 'judicial', 'servir']","['los conservadores quisieran que olvidaramos como se vivia antes presidentes rodeados de lujos gobiernos alejados de la gente fortunas construidas al amparo del poder publico pero eso se acabo porque en este mexico nuevo la honestidad no es la excepcion es la regla y quien traicione al pueblo quien robe al pueblo enfrenta la justicia ', 'ya a la corte no la van a elegir unos cuantos senadores ya no van a estar al servicio de unos cuantos sino que como los elige el pueblo le van a responder al pueblo de mexico y va a cambiar el poder judicial con esta transformacion profunda que decidio el pueblo de mexico que quisieron por todos los lados detener pero a la transformacion nada la detiene al pueblo de mexico nada lo detiene ', 'los abogados y abogadas de mexico han respondido se registraron nos toca ahora en el comite de evaluacion buscar los mejores perfiles primero gente honesta y gente preparada gente comprometida que nos permita arribar a la justicia que todos esperamos una justicia mas cercana mas sensible mas humana con sensibilidad social con compromiso con el pueblo de mexico que nos permita ir construyendo un mejor sistema de justicia porque es claro que el que tenemos ahora no satisface las ansias y las exigencias legitimas del pueblo de mexico para tener jueces y juezas honestos y comprometidos ']"
227,14,227_bandera_doliente_entonar_escudo,"['bandera', 'doliente', 'entonar', 'escudo', 'batalla', 'himno', 'banderazo', 'fechas', 'nacional', 'quitara']","[' que viva la bandera nacional ', 'para finalizar mi participacion me gustaria recordarles que todas las naciones del mundo tienen una bandera que las identifica la nuestra como ya vimos merece honores y respeto pues nos llena de orgullo al recordarnos los momentos mas importantes de la historia nacional como la lucha por nuestra independencia como los retos para construirnos en un estado laico y soberano en el combate contras las dictaduras y la injusticia social durante la revolucion y las movilizaciones sociales del siglo pasado que hoy nos permiten gozar de los derechos y las libertades de hoy dia ', 'de estas 23 fechas estaban vinculadas a 17 personajes masculinos ya sea individuales o colectivos a que me refiero por ejemplo se iza la bandera en los natalicios o aniversarios luctuosos de venustiano carranza de benito juarez de francisco i madero pero tambien en fechas emblematicas como la batalla de puebla del 5 de mayo de 1862 el aniversario de la expropiacion petrolera la promulgacion de la constitucion de 1857 y 1917 o en media asta por el batallon de san patricio o los ninos heroes la batalla de los ninos heroes en chapultepec en 1847 asi estaba conformada ']"
228,14,228_fertilizantes_gratuitos_fertilizante_campesinos,"['fertilizantes', 'gratuitos', 'fertilizante', 'campesinos', 'pequenos', 'narro', 'productores', 'produccion', 'toneladas', 'agraria']","['de igual manera el apoyo al campo los fertilizantes gratuitos ayer iniciamos el proceso de reparto de los fertilizantes gratuitos en guerrero de igual forma produccion para el bienestar y otros programas de apoyo al campo sembrando vida tambien continua continuan todos los programas ', 'apoyo a los campesinos a los pequenos propietarios con fertilizantes gratuitos derecho constitucional establecido en la constitucion de la republica ', 'ya el programa de fertilizantes gratuitos ya no es solo un programa que depende de la presidenta ya es un derecho de las y los campesinos esta en la constitucion de la republica que a todos los pequenos productores que hay que darles fertilizantes gratuitos ']"
229,14,229_comentar_quieres_algo_pardo,"['comentar', 'quieres', 'algo', 'pardo', 'sheinbaum', 'claudia', 'viruela', 'quiere', 'taddei', 'elvira']","['presidenta de mexico claudia sheinbaum pardo quieres comentar zoe ', 'presidenta de mexico claudia sheinbaum pardo ariadna quieres comentar como se ', 'presidenta de mexico claudia sheinbaum pardo quieres comentar algo ']"
230,14,230_reciban_cordial_bienvenida_carino,"['reciban', 'cordial', 'bienvenida', 'carino', 'saludo', 'todos', 'portado', 'habitamos', 'honrada', 'bella']","['reciban todas y todos la mas cordial bienvenida', 'reciban todas y todos la mas cordial bienvenida ', 'a todos y todas reciban la mas cordial bienvenida ']"
231,14,231_felicidades_uruguay_muchas_amplio,"['felicidades', 'uruguay', 'muchas', 'amplio', 'pardo', 'sheinbaum', 'claudia', 'felicitarle', 'progresista', 'felicito']","['presidenta de mexico claudia sheinbaum pardo felicidades ', 'presidenta de mexico claudia sheinbaum pardo felicidades ', 'presidenta de mexico claudia sheinbaum pardo muchas felicidades ']"
232,14,232_homicidios_grafica_violencia_anterior,"['homicidios', 'grafica', 'violencia', 'anterior', 'disminuido', 'carteles', 'derivado', 'debido', 'regresate', 'revisarlas']","['despues de anos de violencia por la guerra emprendida por felipe calderon presidenta podemos pensar ya que con las claras tendencias de disminucion de los homicidios estamos entrando en una nueva etapa donde pronto tendremos un pais sin la violencia heredada por los gobiernos del prian ', 'presidenta claudia sheinbaum pardo si se trabaja en todos los casos en culiacan en chiapas en por ejemplo ayer hubo otra vez el primer lugar en homicidios fue nuevamente en guanajuato hubo homicidios en celaya y en leon particularmente y ahi hay un equipo que esta trabajando con la ciudadania entonces siempre lo vamos a hacer asi ', 'y si me permite sobre la grafica que presentaron si nos podrian explicar el comportamiento de los homicidios dolosos en sinaloa como se afecto la tasa delictiva de importancia en medio de los recurrentes enfrentamientos entre carteles ']"
233,14,233_buenos_dias_estan_pardo,"['buenos', 'dias', 'estan', 'pardo', 'sheinbaum', 'claudia', 'como', 'presidenta', 'chetumal', 'listos']","['presidenta de mexico claudia sheinbaum pardo buenos dias como estan ', 'presidenta de mexico claudia sheinbaum pardo buenos dias como estan ', 'presidenta de mexico claudia sheinbaum pardo buenos dias como estan ']"
234,14,234_armas_trafico_unidos_estados,"['armas', 'trafico', 'unidos', 'estados', 'servido', 'incautan', 'departamento', 'disminuya', 'arma', 'informe']","['esto es muy relevante porque reconoce el departamento de justicia esto esta es una traduccion de esa parte ustedes pueden encontrar en la red el informe del departamento de justicia de los estados unidos y ellos ya estan reconociendo lo que aqui decimos desde hace mucho tiempo cuando se incautan armas en este informe no estuvo pero en el pasado se dijo 75 por ciento de las armas que se incautan provienen de estados unidos y hoy lo reconoce el departamento de justicia ', 'preguntarle ayer se revelo un informe de la oficina de alcohol tabaco y armas de estados unidos de que aproximadamente 200 mil armas al ano se trafican hacia mexico tambien hablan de que mas o menos de 2017 a 2022 el 74 por ciento de las armas que se usaron en homicidios dolosos en mexico provenian de estados unidos ', 'estamos haciendo un trabajo recuerden que 75 por ciento de las armas incautadas en distintos operativos vienen de estados unidos en estados unidos es muy liberalizada la venta de armas hay incluso ferias de armamento en distintos lugares donde se pueden comprar armas y hay grupos criminales en mexico que adquieren armas en estados unidos y que las pasan de manera ilegal a mexico ']"
235,14,235_hijos_crecieron_llegamos_60,"['hijos', 'crecieron', 'llegamos', '60', 'tengo', 'cuidamos', 'anos', 'edad', '62', 'hijas']","['llegamos a los 60 anos ya crecieron los hijos y ahora a quien cuidamos ', 'ya llegamos a los 60 es mi caso eh yo tengo 62 llegamos a los 60 y luego ya crecieron los hijos ya estan grandes ya hicieron su vida si lo deciden se casaron tienen hijos tienen hijas o sea tenemos nietos y luego ya salieron los hijos grandes ', 'llegamos a los 60 anos yo tengo 62 se de lo que les hablo y ya crecieron los hijos ya ahora tenemos nietos verdad ya cuidamos a los hijos y ahora a quien cuidamos ']"
236,14,236_buenos_dias_todas_todos,"['buenos', 'dias', 'todas', 'todos', 'muy', 'acompanarlos', 'bimbo', 'gusto', 'guzman', 'gonzalez']","['muy buenos dias a todas y a todos ', 'muy buenos dias a todas y a todos ', 'muy buenos dias a todas y a todos ']"
237,14,237_aviones_vuelos_aviacion_mexicana,"['aviones', 'vuelos', 'aviacion', 'mexicana', '00', 'operacional', 'escondido', 'pilotos', 'latinoamerica', 'cancelados']","['ademas de estas decisiones a partir del 6 de enero se derivaron de la terminacion del contrato de prestacion integral de servicios de transporte aereo con la empresa con la cual mexicana tenia una relacion comercial y a fin de lograr un eficiente empleo de los recursos disponibles se determino concentrar el esfuerzo en los destinos con mayor demanda asi como en aquellos destinos que no son atendidos por otras aerolineas como son ixtepec lo que es ciudad victoria lo que es palenque a traves de una alianza estrategica con nuestro prestador de servicios aereos ', 'queremos comentarle que se han suspendido los vuelos comerciales y privados de oaxaca a mexico puerto escondido asi como de huatulco han sido cancelados 7 vuelos el dia de hoy y 8 vuelos cancelados en puerto escondido y en huatulco 7 ', 'este avion de la familia e2 sera el primero en su tipo en operar en mexico por lo cual mexicana llevara a cabo los procesos de certificacion de la aeronave ante la agencia federal de aviacion civil para cumplir con la normatividad aeronautica y estandares de seguridad operacional establecidos en la aviacion comercial a nivel nacional e internacional ademas de fortalecer la capacitacion de personal tecnico aeronautico para estar en condiciones de iniciar con las operaciones comerciales a finales de agosto del presente ano ']"
238,13,238_censura_hablan_censurar_censurado,"['censura', 'hablan', 'censurar', 'censurado', 'dijiste', 'nadie', 'escribe', 'oye', 'solicitando', 'escuchan']","[' donde hay censura pueden hablar ', 'es el tema de la censura por ejemplo donde hay censura en mexico quien de los que escribe que hay censura se le ha censurado alguna vez quien ', 'y tiene que ver con esto porque hablan de que se acabo la republica que hay antidemocracia que el gobierno censura que ahorita voy a mencionar algo de eso porque ahora todos traen censura censura nadie los censura a ellos pero hablan de censura como retahila ahi no ']"
239,13,239_brasil_colombia_brasilenos_vanguardia,"['brasil', 'colombia', 'brasilenos', 'vanguardia', 'lula', 'empresarios', 'temas', 'comunicado', 'veracruz', 'compartir']","['vienen a finales de agosto el vicepresidente y algunos secretarios con empresarios brasilenos y la idea es que aqui nos reunamos con el gabinete y empresarios mexicanos que esten interesados en tener acuerdos comerciales de colaboracion de coordinacion de cooperacion de inversiones conjuntas tanto en brasil como en mexico ', 'aun con todos estos antecedentes un reportero de vanguardia veracruz el pasado viernes 4 de junio en esta mananera del pueblo senalo que usted como presidenta de mexico deberia hablar con la gobernadora rocio nahle por temas de inseguridad en el estado sin mencionar los graves delitos en que se encuentran involucrados el dueno de vanguardia de veracruz goyo gomez y la directora del medio su cunada ivonne patricia ', 'pregunta oiga en el caso de brasil por ahi hay un todo parece indicar que es el director del banco de brasil que ya por ahi en redes sociales que se tomo la foto con usted con el presidente lula que ya esta anunciando que va a estar en mexico incluso su secretaria de economia mas bien de energia le da la bienvenida no se si nos pueda hablar de esto ']"
240,13,240_california_baja_sur_interesante,"['california', 'baja', 'sur', 'interesante', 'trends', 'philkor', 'mireya', 'tercer', 'lugar', 'patron']","['en tercer lugar baja california con 7 3 por ciento ', 'en segundo lugar esta baja california con el 7 1 por ciento ', 'baja california el 7 9 por ciento ']"
241,13,241_loaeza_lajous_reguladora_ferroviario,"['loaeza', 'lajous', 'reguladora', 'ferroviario', 'transporte', 'agencia', 'andres', 'director', 'general', 'buenos']","['el director general de la agencia reguladora de transporte ferroviario andres lajous loaeza ', 'el director general de la agencia reguladora de transporte ferroviario andres lajous loaeza ', 'el director general de la agencia reguladora de transporte ferroviario andres lajous loaeza ']"
242,13,242_remesadoras_envio_modalidad_calculadora,"['remesadoras', 'envio', 'modalidad', 'calculadora', 'dinero', 'finabien', 'cuanto', 'dolares', 'efectivo', 'remesadora']","['y recordarles que tenemos una calculadora virtual en nuestra pagina de internet en donde pueden ponerle ahi cuanto estarian enviando incluso hasta por lugares de estados unidos en donde pueden acudir a hacer su envio en efectivo ', 'recordar que en la pagina de internet de profeco hay una plataforma hay una calculadora en donde pueden hacer ahi un simulacro de cuantos dolares se estarian enviando y cuanto se traduciria en pesos a partir de dos indicadores el promedio de comision y el promedio de tipo de cambio que cada una de estas remesadoras maneja ', 'entonces es muy importante que consulten en la pagina de internet de profeco cuales son las remesadoras que mas dinero da por sus dolares en promedio finabien da 366 pesos mas perdon pesos en esta modalidad de deposito a cuenta y transferencia ']"
243,13,243_embajador_anticipados_extranamiento_reunion,"['embajador', 'anticipados', 'extranamiento', 'reunion', 'cortesia', 'acordado', 'departamento', 'secretario', 'relaciones', 'expediente']","[' nos puede compartir cuales fueron los principales temas de la reunion que tuvo el dia de ayer con el embajador de estados unidos en mexico el nuevo embajador ', 'pregunta presidenta usted quedo de enviarle una carta a la dirigencia nacional de morena respecto a los actos anticipados de campana particularmente de andrea chavez pero se dan otros incidentes tambien hay denuncias como hacia el presidente municipal ahi de ciudad juarez cruz perez cuellar me parece que se apellida su segundo apellido donde se la acusa de no solamente actos anticipados de campana sino tambien de recursos que esta invirtiendo recursos publicos por ejemplo 15 millones de pesos 2 millones para colegio de ingeniero s para una posada navidena entre otras situaciones que se han denunciado ', 'el secretario de relaciones exteriores entro ayer en contacto con el embajador de los estados unidos nuestro embajador alla en estados unidos tambien con las autoridades de estados unidos y siempre las mexicanas y los mexicanos van a tener nuestro apoyo y nuestra demanda para que se respeten siempre los derechos humanos ']"
244,13,244_lluvias_lluvia_llueve_lloviendo,"['lluvias', 'lluvia', 'llueve', 'lloviendo', 'retorno', 'clima', 'calor', 'temporada', 'gobernamos', 'mucho']","['pregunta exactamente precisamente porque las lluvias son mas ', 'y ahora vemos lluvias que rebasaron por mucho este periodo de retorno asi es como se mide lo que denominamos peligro en las funciones de riesgo bueno pues aqui estamos hablando tal vez de periodos de retorno de mil anos ', 'y como hemos bueno todos han estado enterados hemos tenido una temporada de lluvias ya no una lluvia una temporada de lluvias que no se habia tenido desde hace mucho tiempo ']"
245,13,245_reformas_reforma_constitucion_adiciones,"['reformas', 'reforma', 'constitucion', 'adiciones', 'union', 'legislaturas', 'congreso', 'octubre', 'aprobadas', 'brecha']","['como antecedente el pasado 30 de septiembre del 2024 se publico el decreto por el que se reforman y adicionan diversos articulos de la constitucion politica de los estados unidos mexicanos en materia de guardia nacional bajo estos supuestos se presento este paquete de reformas que permite la armonizacion de dichas leyes a la reforma constitucional ', 'el dia de ayer fue aprobado por el senado eso es muy bueno todas las reformas que enviamos el 3 de octubre el 3 de octubre enviamos un paquete de reformas de proteccion y reconocimiento de los derechos de las mujeres mexicanas al congreso de la union tanto reformas constitucionales como a distintas leyes que permiten poner en la ley el acceso a los derechos a todos los derechos de todas las mujeres incluido la brecha salarial disminuir la brecha salarial a trabajo igual salario igual y muchas otras ', 'articulo 135 de la constitucion politica de los estados unidos mexicanos dice cual es el procedimiento para modificar la constitucion la presente constitucion puede ser adicionada o reformada para que las adiciones o reformas lleguen a ser parte de la misma se requiere que el congreso de la union por el voto de las dos terceras partes de los individuos presentes acuerden las reformas o adiciones y que estas sean aprobadas por la mayoria de las legislaturas de los estados y de la ciudad de mexico el congreso de la union o la comision permanente en su caso haran el computo de los votos de las legislaturas y la declaracion de haber sido aprobadas las adiciones o reformas ']"
246,13,246_fraude_allegadas_senador_consenso,"['fraude', 'allegadas', 'senador', 'consenso', 'norona', 'andan', 'fernandez', 'vengan', '2006', 'electoral']","['fijense lo que hubiera querido la oposicion la derecha los conservadores que hubieran querido que no hubiera habido un acuerdo un entendimiento estaban asi pero ay que le vaya remal a la presidenta por favor que vengan a reganarla o que vengan a no se a decirles que la lista de los politicos que estan vinculados no asi estaban ', 'he puesto aqui el ejemplo muchas veces de ugalde que ahora ya se fue a harvard a dar una catedra sobre los gobiernos populistas pero fue quien se opuso terminantemente a que se abrieran todas las casillas y que fue parte fundamental del fraude electoral del 2006 siendo presidente del ine ', 'pregunta hace unos dias publicamos unos videos una nota donde recordamos nos encontramos ahora si que en el archivo en el youtube que el dia que usted fue a la unam y que en pleno 2006 despues del fraude electoral lo denuncio en la facultad de filosofia y letras ']"
247,13,247_tercer_principio_pueblo_sin,"['tercer', 'principio', 'pueblo', 'sin', 'juarista', 'todo', 'el', 'supuesto', 'dice', 'pensamiento']","['y el tercer principio con el pueblo todo sin el pueblo ', 'y el tercer principio con el pueblo todo sin el pueblo ', 'y el tercer principio con el pueblo todo sin el pueblo ']"
248,13,248_solicitamos_intervencion_moderador_respetuosa,"['solicitamos', 'intervencion', 'moderador', 'respetuosa', 'respetuosamente', 'montiel', 'reyes', 'ariadna', 'secretaria', 'licenciada']","['moderador solicitamos respetuosamente la intervencion de la secretaria de bienestar ariadna montiel reyes ', 'moderador solicitamos la intervencion de la secretaria de bienestar ariadna montiel reyes ', 'moderador solicitamos la intervencion de la secretaria de bienestar ariadna montiel reyes ']"
249,13,249_unidos_80_estados_empleados,"['unidos', '80', 'estados', 'empleados', 'ciento', 'envian', 'ayudan', 'empleos', 'empresas', 'invierten']","['fijense todo eso que envian a mexico que nos ayudan ayudan a todo el pais y ayudan a sus familias que es la principal divisa que tenemos que nos entra a mexico gracias gracias a los paisanos y paisanas eso es solo el 20 por ciento de lo que ellos ganan el 80 por ciento el otro 80 por ciento se queda en estados unidos se ahorra ahi se gasta ahi ', 'fijense las y los mexicanos que trabajan alla sea que tengan documentos o no el 20 por ciento o poco menos del 20 por ciento lo envian en remesas pero el 80 por ciento de sus ingresos lo invierten en estados unidos 80 por ciento de los salarios que las y los trabajadores mexicanos ganan en estados unidos se consumen en estados unidos ', 'tercero cuando los migrantes mexicanos en estados unidos envian remesas a mexico ese dinero se usa para comprar productos elaborados en estados unidos para su exportacion estas exportaciones crean empleos en estados unidos y de los miles de millones de dolares que cobran los bancos y las instituciones remesadoras estadounidenses ese es dinero que se queda en estados unidos ']"
250,12,250_tenochtitlan_timbre_recuperacion_fundacion,"['tenochtitlan', 'timbre', 'recuperacion', 'fundacion', 'progreso', 'memoria', 'ciudad', 'conmemoracion', '700', 'contienen']","['por mencionar unicamente algunos de los mas recientes nuestros billetes de 100 pesos que contienen las imagenes de sor juana ines de la cruz y la mariposa monarca o los de 50 que contienen la imagen de la fundacion de tenochtitlan y el famoso ajolote no solo han ganado reconocimientos internacionales sino el apego y carino del publico ', 'como parte de la conmemoracion de los siete siglos del legado de grandeza de mexico tenochtitlan el 26 de julio del 2025 a las 10 00 horas en el zocalo capitalino la defensa llevara a cabo una representacion escenografica de algunos de los momentos mas emblematicos de tenochtitlan y del pueblo mexica ', 'y a este conjunto de actividades en conmemoracion a los 700 anos se suma esta obra singular del timbre postal conmemorativo por los 700 anos de mexico tenochtitlan una pieza artistica y documental que llevara a cada rincon del pais la memoria de esta ciudad levantada sobre el agua ']"
251,12,251_periodistas_propaganda_odio_extranjeros,"['periodistas', 'propaganda', 'odio', 'extranjeros', 'prensa', 'periodista', 'etica', 'medios', 'expresidente', 'expresarnos']","['interlocutora y desde la etica pues tambien decir que la etica periodistica nos obliga a los periodistas no violentar a las demas personas a respetar los derechos humanos y tambien a no expresarnos o distribuir mensajes de odio y en este caso ', 'y que es una andanada muy claramente y que incluso algunos periodistas criticos a este tipo de narrativas lo dicen incluso los acusan como practicamente gente que periodistas traen la voceria de ciertos actores que son no solo opositores sino incluso con un ferviente odio a la cuarta transformacion al presidente ', 'y no es la primera vez que estos medios estadounidenses cooperan con ese tipo de propaganda sin presentar ninguna prueba esta el caso del new york times mismo en el tema de irak diciendo que habia armas de destruccion masiva para fomentar la invasion y despues tuvo que ofrecer disculpas a sus lectores y al planeta y a los iraquies ']"
252,12,252_leche_liconsa_litros_antigua,"['leche', 'liconsa', 'litros', 'antigua', 'polvo', 'bienestar', 'bajos', 'reciben', '039', 'geraldo']","['bueno y estamos aqui para el programa que ya anunciaron que es la construccion o mas bien ya esta construida el equipamiento de una planta de leche pasteurizada de liconsa solo que ahora ya le cambiamos el nombre a liconsa tambien en unas semanas ya va a tener un nuevo nombre se llama leche para el bienestar porque en realidad es leche para el bienestar de las ninas y los ninos para el bienestar del pueblo de mexico ', 'leche para el bienestar la antigua leche liconsa que es leche a un precio accesible la reciben 70 mil 931 ninas y ninos en el estado ', 'liconsa tiene aqui varios centros de acopio aqui en zacatecas en lo que va del ano hasta octubre liconsa ha acopiado 22 6 millones de litros de leche aqui en este estado 22 6 millones de litros de leche y esa leche en gran medida se distribuye a precios muy convenientes muy bajos mucho mas bajos que en cualquier tienda a 135 mil 039 personas en todos los municipios del estado la leche de los productores de zacatecas a las consumidoras y los consumidores que lo necesitan de aqui de este estado ']"
253,12,253_presion_medir_arterial_vez,"['presion', 'medir', 'arterial', 'vez', 'temprana', 'visitar', 'salud', 'oximetro', 'alta', 'azucar']","['por eso es muy importante las campanas precisamente de promocion a la salud de que se tomen la presion arterial cuando menos una vez al ano cuando menos de esa manera se trata de detectarlos en forma temprana si se detecta en forma temprana antes de que acudan a un medico se puede alterar la historia natural de la hipertension arterial ', 'llevan un equipo y un sistema electronico una tableta y ahi le preguntan a las y los adultos mayores su estado de salud revisan su corazon su presion incluso el azucar en la sangre y ahi ven si tienen algun problema medico y los regresan a visitar una vez o al siguiente mes 2 meses o 3 meses dependiendo de su estado de salud ', 'entonces levantan un historial y se dan cuenta a la hora de medir si alguien tiene presion alta o tiene azucar alta si es necesario lo llevan al medico y si no entonces en la siguiente visita de acuerdo con los medicos los pueden medicar para poder controlar la presion o la diabetes ']"
254,12,254_veracruz_licita_diariamente_cristobal,"['veracruz', 'licita', 'diariamente', 'cristobal', 'foro', 'guadalajara', 'colapsada', 'transitan', 'taqueros', 'conductoras']","['en el estado de veracruz ', 'luego el dia 17 habra un foro en veracruz en xalapa sobre educacion uno en san cristobal de las casas sobre bienestar un foro sobre sembrando vida en los pinos aqui en la ciudad de mexico cuatro foros de jovenes en oaxaca en hermosillo en chihuahua y en san cristobal de las casas ', 'presidenta en esta ocasion quiero plantearle un tema que afecta diariamente a miles de familias en jalisco la avenida lopez mateos una de las principales arterias de la zona metropolitana de guadalajara se encuentra cotidianamente colapsada afectando la calidad de vida de mas de 150 mil conductores y conductoras que la transitan diariamente ']"
255,12,255_gracias_volver_bajan_agradecer,"['gracias', 'volver', 'bajan', 'agradecer', 'muchas', 'veo', 'doy', 'roldon', 'apa', 'entranas']","['aqui voy a agradecer muy atentamente agradezco la atencion que ha dado la secretaria del trabajo en especial al ingeniero julio sanchez y su equipo por el acompanamiento tan cercano que ha brindado a las familias durante la recuperacion y restitucion de los restos de los mineros recuperados ', 'tambien agradecer a las empresas que nos estan apoyando porque hace unos dias por instrucciones de la presidenta se formo un gran acuerdo nacional por el derecho humano al agua y en esta jornada estan participando tambien sindicatos casas de estudio nos estan ayudando muchas empresas con personal y tambien hicieron algunas aportaciones de equipo y en total quisiera darles el siguiente dato ', 'le doy las gracias a la empresa obras mineras y tiros del centro y a la empresa kia no hablo de la empresa hablo de sus trabajadores porque yo veo en ellos como si fuera mi apa veo que bajan dia con dia bajan a las entranas de la mina sin saber que riesgos hay sin saber si van a volver o no van a volver dejando familias en sus casas en sus hogares y para mi es un privilegio que ellos aun esten en este proyecto ']"
256,12,256_group_heraldo_navarro_buenos,"['group', 'heraldo', 'navarro', 'buenos', 'dias', 'todas', 'media', 'carlos', 'tengan', 'todos']","['pregunta buenos dias a todas y todos carlos navarro de heraldo media group ', 'pregunta buenos dias a todas y todos carlos navarro de heraldo media group ', 'pregunta buenos dias a todas y todas carlos navarro de el heraldo media group ']"
257,12,257_pregunta_reabrio_lilly_si,"['pregunta', 'reabrio', 'lilly', 'si', 'correcto', 'tellez', 'contempla', 'saber', 'similar', 'verdad']","['pregunta si de hecho por eso la pregunta ', 'pregunta lilly tellez que opina de eso ', 'pregunta si es lo que ']"
258,12,258_clark_dobarganes_eduardo_integracion,"['clark', 'dobarganes', 'eduardo', 'integracion', 'subsecretario', 'garcia', 'sector', 'saludarlos', 'desarrollo', 'salud']","['subsecretario de integracion y desarrollo del sector salud eduardo clark garcia dobarganes muchas gracias secretaria con su permiso buenos dias a todos saludarlos ', 'subsecretario de integracion y desarrollo del sector salud eduardo clark garcia dobarganes presidenta con su permiso ', 'subsecretario de integracion y desarrollo del sector salud eduardo clark garcia dobarganes presidenta con su permiso ']"
259,12,259_hablamos_sader_informando_pardo,"['hablamos', 'sader', 'informando', 'pardo', 'apuntando', 'chapingo', 'sheinbaum', 'claudia', 'notificacion', 'plantearle']","['presidenta de mexico claudia sheinbaum pardo ya ya hablamos de eso ya hablamos mucho de eso ', 'presidenta de mexico claudia sheinbaum pardo ya ya vamos para alla ahora hablamos de eso ahora hablamos de eso ', 'presidenta de mexico claudia sheinbaum pardo chapingo ah pues esa esta muy vinculada con sader entonces vamos a pedirle tambien ahi a la secretaria de gobernacion y a sader que puedan ver hasta donde se puede apoyar ']"
260,12,260_videos_video_manipulado_cerraria,"['videos', 'video', 'manipulado', 'cerraria', 'reactivo', 'sheinbaum', 'claudia', 'desmintio', 'mitin', 'paisanos']","['presidenta de mexico claudia sheinbaum pardo los videos ', 'presidenta de mexico claudia sheinbaum pardo lo del video los videos ', 'tres en redes sociales se reactivo un video en el que supuestamente la presidenta claudia sheinbaum llama a invertir en una plataforma financiera mentira el video esta manipulado con inteligencia artificial el original corresponde a mayo de 2024 cuando la entonces candidata presidencial claudia sheinbaum desmintio que cerraria las iglesias en mexico si ganaba la presidencia ']"
261,12,261_turismo_derrama_promociones_turistica,"['turismo', 'derrama', 'promociones', 'turistica', 'viaje', 'turistas', 'china', 'grandeza', 'plataforma', 'visitmexico']","['estaremos en 14 ferias internacionales con los hoteles y el tren maya por supuesto el tianguis turistico y tenemos alianzas estrategicas con la iniciativa privada y otros sectores que permiten que la marca mexico este predominando en diferentes sectores tenemos una nueva plataforma que es visitmexico en donde tendra inteligencia virtual donde frida tu robot guia te llevara por todos los estados a conocer la grandeza turistica que tienen estaremos en 8 estados de norteamerica con la presencia de mexico y la presentacion de los 32 estados ', 'llegan pocos ciudadanos de china en turismo a mexico comparado con lo que ha crecido el turismo de esta nacionalidad en otros paises del mundo entre otras cosas tiene que ver con la visa que otorga mexico que tarda mucho tiempo entonces se estan viendo este tipo de acuerdos para que se aceleren por ejemplo en el consulado de alla la posibilidad de las visas para turismo en fin varios temas que se estan revisando con ellos ', 'un aumento de turismo nacional es muy importante decirles que para ser el quinto pais solo se cuenta el turismo extranjero pero no hay que olvidar el turismo nacional nosotros viajamos 60 millones al ano de turistas por todo el pais hay que conocer mas a mexico tambien sacamos en plataforma le llamamos conoce estas joyas que nosotros propios mexicanos tenemos que poder y ademas invitar entonces queremos crecerlo 9 8 por ciento mas ']"
262,12,262_correo_electronico_mx_infodemia,"['correo', 'electronico', 'mx', 'infodemia', 'queja', 'alertas', 'tarjeta', 'alerta', 'detectordementiras', 'gob']","['lo que estamos facilitando es justamente que puede enviarse la remesa por via electronica y que pueda tener una cuenta para eso es la tarjeta finabien y la pueden pedir por correo a www finabien gob mx o directamente del consulado ahi llenan sus datos suben sus documentos y les llega directamente por correo la tarjeta ', 'comienzo la seccion agradeciendo a las y los ciudadanos que enviaron el correo electronico detectordementiras infodemia mx sus consultas de verificacion sobre diversas noticias falsas que circularon en los medios de comunicacion redes sociales y sobre todo plataformas de mensajeria juntos luchamos contra la infodemia ', 'inicio la seccion agradeciendo a las y los ciudadanos que a traves del correo electronico detectordementiras infodemia gob mx nos han enviado solicitudes de desmentidos e incluso informacion para elaborarlos juntos cortamos la infodemia ']"
263,11,263_contreras_rodrigo_chavez_director,"['contreras', 'rodrigo', 'chavez', 'director', 'comision', 'vivienda', 'general', 'permiso', 'nacional', 'arturo']","['el director general de la comision nacional de vivienda rodrigo chavez contreras ', 'el director general de la comision nacional de vivienda rodrigo chavez contreras ', 'el director general de la comision nacional de vivienda rodrigo chavez contreras ']"
264,11,264_institutos_universidades_upiem_encabeza,"['institutos', 'universidades', 'upiem', 'encabeza', 'politecnico', 'transferencia', 'tecnologica', 'instituto', 'polo', 'tecnologico']","['los institutos tecnologicos el tecnologico nacional de mexico es una institucion muy importante que se conoce poco estudian ahi cerca de 600 mil jovenes de hecho es la institucion mas grande publica de formacion de ingenieras e ingenieros en nuestro pais esta el instituto politecnico nacional las universidades publicas y los institutos de investigacion vinculados con al conahcyt ', 'en ese contexto de manera paralela se esta trabajando con la consejeria juridica con la secretaria de economia que encabeza el secretario marcelo ebrard para la generacion de un consejo consultivo que permita generar la transferencia tecnologica de la cual ya se ha hablado con integrantes del sector empresarial del sector academico de personas cientificas y que puedan generar esa transferencia de la tecnologia de las patentes hacia el empresariado tanto a nivel mexicano como a nivel internacional ', 'nos estamos comprometiendo a que en el siguiente ciclo escolar el del 25 26 avancemos en la gratuidad tambien del tecnologico nacional de mexico y del instituto politecnico nacional ademas las universidades autonomas pues se va a entrar en contacto con ellas de los estados o la unam para ver que capacidad tienen de crecer por supuesto poniendo los recursos dedicados a la docencia y a la investigacion no a la burocracia sino que la mayoria de los recursos la gran mayoria el 99 por ciento vayan al desarrollo de nuevos espacios de nueva matricula entonces este es el compromiso y avanzamos desde este ano ']"
265,11,265_fiscalia_republica_fuero_cangurera,"['fiscalia', 'republica', 'fuero', 'cangurera', 'general', 'jaime', 'convivimos', 'investigacion', 'comun', 'caso']","['y despues jaime aviles por eso viene a colacion hace una investigacion y se ve que este personaje pues tiene contratos con el ine o entonces el instituto federal electoral y de ahi viene una investigacion muy grande de esos contratos que despues se dijo que parte del fraude vino de ese contrato que y en esa epoca convivimos ya nos conociamos de antes pero convivimos mucho con jaime porque yo era vocera y el estaba haciendo esas investigaciones y varias veces nos reunimos ', 'ahorita lo que se complementa es la investigacion que ya se lleva a cabo con la fiscalia general de la republica en dado caso que estas personas que sean bloqueadas tienen que presentar para legitimar las cuentas etcetera y si es asi se desbloquean y si no ya se inicia una carpeta de investigacion con la fiscalia general de la republica ', 'y la segunda forma de como se trafica informacion privilegiada hay un caso emblematico que es muy conocido del sector que se le conoce como el nino de cangurera es un joven funcionario que primero estaba en birmex y ahora esta en la secretaria de salud que porta una cangurera literal una de estas bolsas que se atan a la cintura donde trae no solamente fajos de dinero sino tambien dispositivos usb con informacion de las licitaciones publicas ']"
266,11,266_metodo_revisarlo_gestionados_atenderlos,"['metodo', 'revisarlo', 'gestionados', 'atenderlos', 'desgranes', 'exactamente', 'inaceptables', 'simulado', 'gigantesco', 'revision']","['entonces es muy bueno que tengamos muy definido el metodo y en todo caso a traves de este metodo vamos a ir evaluando las problematicas ', 'y hacer lo que solemos hacer que es un ejercicio de usuario simulado para verificar exactamente cual es la atencion y que no ocurra ese tipo de cosas que por supuesto son inaceptables ', 'secretario de infraestructura comunicaciones y transportes jesus antonio esteva medina vamos a revisarlo vamos a revisarlo porque si fue un volumen gigantesco durante el proceso de constructivo habia desgranes como todo pero estamos revisando la solucion ']"
267,11,267_gabinete_seguridad_asegure_procedimental,"['gabinete', 'seguridad', 'asegure', 'procedimental', 'pardo', 'decirla', 'preferia', 'sheinbaum', 'claudia', 'proceso']","['presidenta de mexico claudia sheinbaum pardo a ver lo que yo dije es lo que comentaron el gabinete que pudiera haber ocurrido no es que yo asegure que eso se planteo en el gabinete pero le corresponde a la fiscalia investigar no como fue esa detencion y que diga la fiscalia realmente que ocurrio ', 'presidenta de mexico claudia sheinbaum pardo pueden dar mas informacion en el gabinete de seguridad ', 'presidenta de mexico claudia sheinbaum pardo que informe el gabinete de seguridad ']"
268,11,268_valencia_guzman_salvador_subsecretario,"['valencia', 'guzman', 'salvador', 'subsecretario', 'jesus', 'bienestar', 'palabras', 'gracias', 'bienvenida', 'robledo']","['subsecretario de bienestar jesus salvador valencia guzman gracias a la secretaria ariadna montiel ', 'subsecretario de bienestar jesus salvador valencia guzman gracias secretaria por sus palabras ', 'subsecretario de bienestar jesus salvador valencia guzman gracias a la presidenta ']"
269,11,269_desarme_iglesia_iglesias_atrios,"['desarme', 'iglesia', 'iglesias', 'atrios', 'armas', 'catolica', 'paz', 'fuego', 'belicos', 'juguetes']","['voz mujer con si al desarme si a la paz se colocan carpas en atrios de iglesias para el intercambio voluntario y anonimo de armas de fuego a cambio de dinero en efectivo y los ninos y las ninas canjean juguetes belicos por educativos ', 'ademas si al desarme si a la paz continua en atrios de iglesias con el intercambio de manera voluntaria y anonima de armas de fuego por dinero en efectivo y juguetes belicos por didacticos ', 'se realiza a partir del dia de hoy se usan los atrios de las iglesias por la confianza que genera en la ciudadania nos ayuda obviamente la iglesia catolica y ahi se entregan armas a cambio de recursos economicos sin investigacion y el objetivo es el desarme el desarme voluntario ']"
270,10,270_manifestacion_respaldandola_ella_complementario,"['manifestacion', 'respaldandola', 'ella', 'complementario', 'demostracion', 'anuncios', 'recibo', 'importantes', 'pardo', 'sheinbaum']","['presidenta de mexico claudia sheinbaum pardo bueno sobre la manifestacion pues siempre que haya respeto a las personas libre manifestacion ', 'presidenta de mexico claudia sheinbaum pardo a ver tiene que se complementario porque nosotros obviamente tenemos muy buena relacion con el presidente lula y brasil y mexico son las dos economias mas importantes hoy de america latina ', 'y que ella sepa que estamos respaldandola en todo lo que ella necesite queremos mucho a clara llevamos muchos anos luchando juntas junto con muchos otros millones de mexicanos y mexicanas y ella tiene el respaldo de la presidenta y del gobierno de mexico ']"
271,10,271_contentos_entusiasmo_partecitas_contentas,"['contentos', 'entusiasmo', 'partecitas', 'contentas', 'muy', 'aerolineas', 'transformando', 'haberse', 'emocion', 'felices']","['entonces estamos muy contentos con este anuncio ', 'y como lo dije el otro dia todas las aerolineas estadounidenses y del mundo entero estan muy contentos de haberse ido al aifa estan felices ', 'estamos muy contentos de estar aqui ']"
272,10,272_honestidad_honradez_verdad_gobernar,"['honestidad', 'honradez', 'verdad', 'gobernar', 'encima', 'traicionarse', 'ayook', 'sectorcillo', 'cumplirlos', 'escondemos']","['tienen que dar un ejemplo de que hay cambios de honestidad de honradez de transparencia ', ' que tiene como diferencia uno honestidad y honradez por encima de todo ', 'primero de lo que se trata es la honestidad y la honradez por encima de todo ']"
273,10,273_trabajando_dias_seguir_pierda,"['trabajando', 'dias', 'seguir', 'pierda', 'sinaloa', 'comprometo', 'todos', 'resultados', 'demuestra', 'declaraciones']","['se esta trabajando porque el mensaje principal es para los habitantes de sinaloa para la ciudadania para el pueblo de sinaloa que sepan que estamos trabajando todos los dias ', 'no es de un dia no es de un dia pero si uno trabaja todos los dias vamos a dar resultados asi que me comprometo a estar pendiente y a seguir trabajando junto con ustedes ', 'esa es la manera en que vamos a seguir trabajando y vamos a seguir trabajando todos los dias ']"
